	ids	cid	#tr	#ac_tr	trueY	predY	prob	neighbor	distance
0	CHEMBL1651351-CHEMBL382971	106	197	12	1	-1	0.2	270; 274; 252; 226; 74	0.8548387096774194; 0.98005698005698; 0.9887719298245614; 0.9937733499377335; 0.9941972920696325
1	CHEMBL435913-CHEMBL199214	106	197	12	-1	-1	0.0	114; 197; 154; 163; 264	0.825; 0.8344481605351171; 0.8369565217391304; 0.8425238600212089; 0.850609756097561
2	CHEMBL200203-CHEMBL200619	106	197	12	-1	-1	0.0	125; 255; 252; 133; 130	0.7777777777777778; 0.8620689655172413; 0.8830409356725146; 0.9136904761904762; 0.9328703703703703
3	CHEMBL200203-CHEMBL440035	106	197	12	-1	-1	0.0	221; 181; 217; 124; 182	0.7346938775510203; 0.74625; 0.7615131578947368; 0.7619047619047619; 0.7734375
4	CHEMBL440035-CHEMBL200619	106	197	12	-1	-1	0.0	255; 221; 129; 181; 124	0.71875; 0.8010204081632653; 0.8017578125; 0.8017578125; 0.8214285714285714
5	CHEMBL213244-CHEMBL212907	106	197	12	-1	-1	0.0	148; 166; 164; 163; 161	0.8; 0.8; 0.8148148148148148; 0.8387096774193548; 0.8541666666666666
6	CHEMBL435913-CHEMBL372410	106	197	12	-1	-1	0.2	114; 264; 118; 140; 258	0.8157894736842105; 0.8406504065040651; 0.8853801169590643; 0.9017543859649123; 0.9122807017543859
7	CHEMBL608115-CHEMBL3902105	106	197	12	1	1	1.0	270; 269; 222; 271; 272	0.33333333333333326; 0.9712918660287082; 0.9798449612403101; 0.9807146908678389; 0.9811738648947951
8	CHEMBL608115-CHEMBL3982135	106	197	12	1	1	1.0	270; 271; 272; 222; 269	0.6559139784946236; 0.9695885509838998; 0.9703488372093023; 0.9793650793650793; 0.9856459330143541
