	ids	cid	#tr	#ac_tr	trueY	predY	prob	neighbor	distance
0	CHEMBL1082508-CHEMBL1083481	6	196	11	1	-1	0.2	108; 248; 91; 111; 215	0.6547619047619048; 0.6547619047619048; 0.7142857142857143; 0.7142857142857143; 0.722488038277512
1	CHEMBL1085120-CHEMBL1082508	6	196	11	-1	-1	0.0	162; 181; 38; 254; 89	0.32558139534883723; 0.8; 0.8; 0.8125; 0.8125
2	CHEMBL1082508-CHEMBL1086113	6	196	11	-1	-1	0.2	215; 108; 248; 139; 111	0.8204334365325077; 0.861904761904762; 0.861904761904762; 0.8715393133997785; 0.9090909090909091
3	CHEMBL1082508-CHEMBL1086476	6	196	11	-1	-1	0.2	139; 113; 248; 108; 215	0.7751937984496124; 0.8; 0.8082010582010581; 0.8082010582010581; 0.8092105263157895
4	CHEMBL1082510-CHEMBL1086476	6	196	11	-1	-1	0.0	127; 113; 128; 30; 203	0.8076923076923077; 0.8181818181818182; 0.8275862068965517; 0.8333333333333334; 0.8333333333333334
5	CHEMBL1085120-CHEMBL1083481	6	196	11	1	-1	0.0	105; 173; 259; 64; 124	0.7058823529411765; 0.7058823529411765; 0.7368421052631579; 0.7368421052631579; 0.75
6	CHEMBL1086113-CHEMBL1083481	6	196	11	1	-1	0.0	91; 111; 164; 97; 171	0.9166666666666666; 0.9166666666666666; 0.92; 0.92; 0.9230769230769231
7	CHEMBL1084335-CHEMBL1086476	6	196	11	-1	-1	0.0	198; 208; 246; 201; 211	0.8378378378378378; 0.8461538461538461; 0.9; 0.9024390243902439; 0.9069767441860465
8	CHEMBL1085120-CHEMBL1086113	6	196	11	-1	-1	0.0	203; 140; 127; 196; 145	0.84; 0.8533872598584429; 0.8571428571428571; 0.8571428571428571; 0.8571428571428571
