	ids	cid	#tr	#ac_tr	trueY	predY	prob	neighbor	distance
0	CHEMBL1083780-CHEMBL1085038	26	211	14	-1	-1	0.0	145; 160; 152; 9; 113	0.7391304347826086; 0.7692307692307693; 0.7931034482758621; 0.8; 0.8
1	CHEMBL1083780-CHEMBL1085409	26	211	14	-1	-1	0.0	159; 44; 26; 155; 49	0.7666666666666667; 0.84; 0.84; 0.84; 0.84375
2	CHEMBL1085852-CHEMBL1083782	26	211	14	1	-1	0.2	2; 91; 1; 103; 105	0.30952380952380953; 0.5857142857142857; 0.6547619047619048; 0.6547619047619048; 0.6547619047619048
3	CHEMBL1085038-CHEMBL1084711	26	211	14	-1	-1	0.2	97; 70; 204; 256; 93	0.7647058823529411; 0.7894736842105263; 0.7894736842105263; 0.7969187675070029; 0.8095238095238095
4	CHEMBL1085120-CHEMBL1084711	26	211	14	-1	-1	0.2	184; 105; 78; 64; 259	0.6547619047619048; 0.6666666666666666; 0.7058823529411765; 0.7058823529411765; 0.7058823529411765
5	CHEMBL1085409-CHEMBL1084711	26	211	14	1	-1	0.0	76; 62; 253; 184; 91	0.7741935483870968; 0.7741935483870968; 0.7741935483870968; 0.7928571428571428; 0.8181818181818182
6	CHEMBL1085120-CHEMBL1085038	26	211	14	-1	-1	0.0	145; 203; 113; 9; 140	0.6; 0.6842105263157895; 0.7222222222222222; 0.7222222222222222; 0.7222982216142271
7	CHEMBL1085120-CHEMBL1085409	26	211	14	1	-1	0.0	162; 150; 49; 179; 159	0.7976744186046512; 0.8181818181818182; 0.8387096774193549; 0.8387096774193549; 0.8387096774193549
8	CHEMBL433946-CHEMBL443796	26	211	14	-1	-1	0.0	302; 233; 134; 303; 122	0.8681818181818182; 0.9047619047619048; 0.9178082191780822; 0.9459459459459459; 0.9647749510763209
