	ids	cid	#tr	#ac_tr	trueY	predY	prob	neighbor	distance
0	CHEMBL3103865-CHEMBL3103861	70	247	10	-1	-1	0.0	20; 11; 23; 9; 19	0.7714285714285715; 0.8421052631578947; 0.8571428571428571; 0.8611111111111112; 0.8974358974358975
1	CHEMBL3103868-CHEMBL3103861	70	247	10	1	-1	0.0	20; 9; 120; 19; 11	0.8571428571428571; 0.8823529411764706; 0.8883928571428572; 0.8888888888888888; 0.8918918918918919
2	CHEMBL3103868-CHEMBL3103865	70	247	10	1	-1	0.2	120; 20; 11; 23; 112	0.8214285714285714; 0.8571428571428571; 0.8611111111111112; 0.875; 0.9044776119402985
3	CHEMBL3103868-CHEMBL3793267	70	247	10	1	1	1.0	30; 29; 32; 42; 39	0.5747508305647842; 0.6379635449402892; 0.6379635449402892; 0.7045454545454546; 0.7333333333333333
4	CHEMBL4450356-CHEMBL3648724	70	247	10	-1	-1	0.0	115; 104; 108; 142; 46	0.7567567567567568; 0.7567567567567568; 0.7619047619047619; 0.7619047619047619; 0.7804878048780488
5	CHEMBL573702-CHEMBL572784	70	247	10	-1	-1	0.0	193; 245; 317; 342; 369	0.7644927536231884; 0.7697262479871175; 0.8387096774193549; 0.8387096774193549; 0.8387096774193549
6	CHEMBL573046-CHEMBL573702	70	247	10	-1	-1	0.0	305; 315; 306; 175; 311	0.4782608695652174; 0.4782608695652174; 0.52; 0.52; 0.5217391304347826
7	CHEMBL576387-CHEMBL573463	70	247	10	-1	-1	0.0	144; 195; 362; 246; 145	0.40476190476190477; 0.4565217391304348; 0.4565217391304348; 0.4897959183673469; 0.6031746031746031
8	CHEMBL573475-CHEMBL573659	70	247	10	-1	-1	0.0	146; 145; 144; 268; 148	0.6153846153846154; 0.7916666666666666; 0.7916666666666666; 0.8214285714285714; 0.8611111111111112
