	ids	cid	#tr	#ac_tr	trueY	predY	prob
0	CHEMBL237262-CHEMBL237473	1	176	12	1	-1	0.053035665303468704
1	CHEMBL237262-CHEMBL3706928	1	176	12	-1	-1	0.053035665303468704
2	CHEMBL481514-CHEMBL479988	1	176	12	-1	-1	0.053035665303468704
3	CHEMBL479988-CHEMBL521249	1	176	12	-1	-1	0.10588978230953217
4	CHEMBL481350-CHEMBL481746	1	176	12	-1	-1	0.053035665303468704
5	CHEMBL481686-CHEMBL481514	1	176	12	-1	-1	0.02284233830869198
6	CHEMBL481514-CHEMBL521249	1	176	12	-1	-1	0.10588978230953217
7	CHEMBL481686-CHEMBL481746	1	176	12	-1	-1	0.053035665303468704
