	ids	cid	#tr	#ac_tr	trueY	predY	prob
0	CHEMBL1083780-CHEMBL1085038	26	211	14	-1	-1	0.08681054413318634
1	CHEMBL1083780-CHEMBL1085409	26	211	14	-1	-1	0.08681054413318634
2	CHEMBL1085852-CHEMBL1083782	26	211	14	1	-1	0.09223322570323944
3	CHEMBL1085038-CHEMBL1084711	26	211	14	-1	-1	0.0923958420753479
4	CHEMBL1085120-CHEMBL1084711	26	211	14	-1	-1	0.09075170010328293
5	CHEMBL1085409-CHEMBL1084711	26	211	14	1	-1	0.09075170010328293
6	CHEMBL1085120-CHEMBL1085038	26	211	14	-1	-1	0.08681054413318634
7	CHEMBL1085120-CHEMBL1085409	26	211	14	1	-1	0.08681054413318634
8	CHEMBL433946-CHEMBL443796	26	211	14	-1	-1	0.23408499360084534
