	ids	cid	#tr	#ac_tr	trueY	predY	prob
0	CHEMBL3355673-CHEMBL3355668	12	143	5	-1	-1	0.4977884888648987
1	CHEMBL3355674-CHEMBL3355668	12	143	5	-1	-1	0.497759073972702
2	CHEMBL3355675-CHEMBL3355668	12	143	5	-1	-1	0.497759073972702
3	CHEMBL3355673-CHEMBL3355674	12	143	5	-1	-1	0.4976907968521118
4	CHEMBL3355673-CHEMBL3355675	12	143	5	-1	-1	0.4976907968521118
5	CHEMBL3355673-CHEMBL3355682_CHEMBL3393381	12	143	5	1	-1	0.49774664640426636
6	CHEMBL3355675-CHEMBL3355674	12	143	5	-1	-1	0.49766138195991516
