	ids	cid	#tr	#ac_tr	trueY	predY	prob
0	CHEMBL3609144-CHEMBL3609142	5	98	3	-1	-1	0.34894073009490967
1	CHEMBL3813789-CHEMBL3813796	5	98	3	1	-1	0.34894073009490967
2	CHEMBL3813789-CHEMBL3815000	5	98	3	-1	-1	0.34894073009490967
3	CHEMBL3813789-CHEMBL3815112	5	98	3	1	-1	0.34894073009490967
4	CHEMBL3815000-CHEMBL3813796	5	98	3	-1	-1	0.34894073009490967
5	CHEMBL3813796-CHEMBL3815112	5	98	3	-1	-1	0.34894073009490967
