	ids	cid	#tr	#ac_tr	trueY	predY	prob
0	CHEMBL1632220-CHEMBL1631532	5	166	11	-1	-1	0.18546795845031738
1	CHEMBL209573-CHEMBL213987	5	166	11	-1	-1	0.14820294082164764
2	CHEMBL244773-CHEMBL244562	5	166	11	-1	-1	0.20074118673801422
3	CHEMBL3813789-CHEMBL3735756	5	166	11	-1	-1	0.1301100105047226
4	CHEMBL3735756-CHEMBL3813855	5	166	11	-1	-1	0.1301100105047226
5	CHEMBL3813789-CHEMBL3813855	5	166	11	-1	-1	0.1301100105047226
6	CHEMBL516088-CHEMBL489408	5	166	11	1	-1	0.2656393051147461
