	ids	cid	#tr	#ac_tr	trueY	predY	prob
0	CHEMBL365062-CHEMBL185752	6	126	5	1	-1	0.47040867805480957
1	CHEMBL538574-CHEMBL539086	6	126	5	-1	-1	0.4668113887310028
2	CHEMBL538574-CHEMBL558199	6	126	5	-1	-1	0.4668113887310028
3	CHEMBL538574-CHEMBL558763	6	126	5	-1	-1	0.4668113887310028
4	CHEMBL558199-CHEMBL539086	6	126	5	-1	-1	0.4668113887310028
5	CHEMBL558763-CHEMBL539086	6	126	5	-1	-1	0.4668113887310028
6	CHEMBL558763-CHEMBL558199	6	126	5	-1	-1	0.4693954885005951
