	ids	cid	#tr	#ac_tr	trueY	predY	prob
0	CHEMBL339703-CHEMBL340098	8	150	4	1	-1	0.07715602219104767
1	CHEMBL535386-CHEMBL535617	8	150	4	-1	-1	0.07715602219104767
