	ids	cid	#tr	#ac_tr	trueY	predY	prob
0	CHEMBL217907-CHEMBL426550	9	79	3	1	-1	0.49907249212265015
1	CHEMBL221525-CHEMBL426550	9	79	3	-1	-1	0.49907249212265015
2	CHEMBL385106-CHEMBL373430	9	79	3	-1	-1	0.49907249212265015
3	CHEMBL497203-CHEMBL501982	9	79	3	-1	-1	0.49907249212265015
