	ids	cid	#tr	#ac_tr	trueY	predY	prob
0	CHEMBL3127912-CHEMBL3128021	0	70	3	-1	-1	0.49999403953552246
1	CHEMBL3127912-CHEMBL3128026	0	70	3	-1	-1	0.49999403953552246
2	CHEMBL3127912-CHEMBL3128027	0	70	3	-1	-1	0.49999403953552246
3	CHEMBL3128026-CHEMBL3128021	0	70	3	-1	-1	0.49999403953552246
4	CHEMBL3128027-CHEMBL3128021	0	70	3	1	-1	0.49999403953552246
5	CHEMBL3128026-CHEMBL3128027	0	70	3	-1	-1	0.49999403953552246
