	ids	cid	#tr	#ac_tr	trueY	predY	prob
0	CHEMBL1926835-CHEMBL1926838	4	97	4	1	-1	0.49996984004974365
1	CHEMBL1926835-CHEMBL1926839	4	97	4	1	-1	0.49996984004974365
2	CHEMBL1926835-CHEMBL1926843	4	97	4	1	-1	0.49996984004974365
3	CHEMBL1926839-CHEMBL1926838	4	97	4	-1	-1	0.4999511241912842
4	CHEMBL1926838-CHEMBL1926843	4	97	4	-1	-1	0.4999511241912842
5	CHEMBL1926839-CHEMBL1926843	4	97	4	-1	-1	0.4999511241912842
6	CHEMBL1926861-CHEMBL1926962	4	97	4	-1	-1	0.4999511241912842
