	ids	cid	#tr	#ac_tr	trueY	predY	prob
0	CHEMBL151741_CHEMBL152104-CHEMBL285418	1	100	6	1	-1	0.4901401698589325
1	CHEMBL1834417-CHEMBL2442886	1	100	6	-1	-1	0.4899270832538605
2	CHEMBL1834417-CHEMBL2442888	1	100	6	-1	-1	0.4900268018245697
3	CHEMBL2442888-CHEMBL2442886	1	100	6	-1	-1	0.4899281859397888
