	ids	cid	#tr	#ac_tr	trueY	predY	prob
0	CHEMBL4648060-CHEMBL4129018	2	145	8	-1	-1	0.06638752669095993
1	CHEMBL477582-CHEMBL476543	2	145	8	-1	-1	0.05977056175470352
2	CHEMBL479258-CHEMBL476543	2	145	8	1	-1	0.05977056175470352
3	CHEMBL476552-CHEMBL477190	2	145	8	1	-1	0.05977056175470352
4	CHEMBL477997-CHEMBL479257	2	145	8	-1	-1	0.05977056175470352
5	CHEMBL477997-CHEMBL479258	2	145	8	-1	-1	0.05977056175470352
6	CHEMBL478649-CHEMBL516264	2	145	8	-1	-1	0.0693616196513176
7	CHEMBL479258-CHEMBL479257	2	145	8	-1	-1	0.05977056175470352
