	ids	cid	#tr	#ac_tr	trueY	predY	prob
0	CHEMBL189343-CHEMBL186213	11	43	3	1	-1	0.49987903237342834
1	CHEMBL2177175-CHEMBL2177161	11	43	3	-1	-1	0.499877005815506
2	CHEMBL3989870-CHEMBL4440048	11	43	3	-1	-1	0.4998777210712433
