	ids	cid	#tr	#ac_tr	trueY	predY	prob
0	CHEMBL1082508-CHEMBL1083481	6	196	11	1	-1	0.0005374809843488038
1	CHEMBL1085120-CHEMBL1082508	6	196	11	-1	-1	0.00016708332987036556
2	CHEMBL1082508-CHEMBL1086113	6	196	11	-1	-1	0.0005374809843488038
3	CHEMBL1082508-CHEMBL1086476	6	196	11	-1	-1	0.0005374809843488038
4	CHEMBL1082510-CHEMBL1086476	6	196	11	-1	-1	0.0005374809843488038
5	CHEMBL1085120-CHEMBL1083481	6	196	11	1	-1	0.0005374809843488038
6	CHEMBL1086113-CHEMBL1083481	6	196	11	1	-1	0.0005374809843488038
7	CHEMBL1084335-CHEMBL1086476	6	196	11	-1	-1	0.09688817709684372
8	CHEMBL1085120-CHEMBL1086113	6	196	11	-1	-1	0.0005374809843488038
