	ids	cid	#tr	#ac_tr	trueY	predY	prob
0	CHEMBL193620-CHEMBL556313	2	200	12	-1	-1	0.055249206721782684
1	CHEMBL549764_CHEMBL558890_CHEMBL564481-CHEMBL2261605_CHEMBL388884	2	200	12	-1	-1	0.07832849025726318
2	CHEMBL228279_CHEMBL388897-CHEMBL390192_CHEMBL442059	2	200	12	-1	-1	0.05046045407652855
3	CHEMBL232609_CHEMBL233790-CHEMBL233410_CHEMBL233582	2	200	12	-1	-1	0.07880255579948425
4	CHEMBL272340-CHEMBL232609_CHEMBL233790	2	200	12	-1	-1	0.07165948301553726
5	CHEMBL272340-CHEMBL233410_CHEMBL233582	2	200	12	-1	-1	0.12168572843074799
