	ids	cid	#tr	#ac_tr	trueY	predY	prob
0	CHEMBL1822209-CHEMBL1822213	8	95	4	-1	-1	0.4986160099506378
1	CHEMBL2387079-CHEMBL2387086	8	95	4	-1	-1	0.4986250102519989
2	CHEMBL3770140-CHEMBL2387079	8	95	4	-1	-1	0.4986250102519989
3	CHEMBL3770993-CHEMBL2387079	8	95	4	-1	-1	0.4986250102519989
4	CHEMBL3770140-CHEMBL2387086	8	95	4	-1	-1	0.4986250102519989
5	CHEMBL3770993-CHEMBL2387086	8	95	4	-1	-1	0.4986250102519989
6	CHEMBL3769857-CHEMBL3769966	8	95	4	1	-1	0.4986792504787445
7	CHEMBL3769857-CHEMBL3769972	8	95	4	-1	-1	0.4986792504787445
8	CHEMBL3769972-CHEMBL3769966	8	95	4	-1	-1	0.4986792504787445
