	ids	cid	#tr	#ac_tr	trueY	predY	prob
0	CHEMBL1824883-CHEMBL1821759	6	241	12	1	-1	0.05593028664588928
1	CHEMBL1821759-CHEMBL1824890	6	241	12	-1	-1	0.03214545547962189
2	CHEMBL1821759-CHEMBL1825132	6	241	12	-1	-1	0.032177265733480453
3	CHEMBL1824883-CHEMBL1824890	6	241	12	-1	-1	0.05593028664588928
4	CHEMBL2431826-CHEMBL2431828	6	241	12	-1	-1	0.03461262211203575
