	ids	cid	#tr	#ac_tr	trueY	predY	prob
0	CHEMBL111928-CHEMBL115710	1	152	3	-1	-1	0.49998724460601807
1	CHEMBL3085020-CHEMBL111928	1	152	3	1	-1	0.49998724460601807
2	CHEMBL111928-CHEMBL324518	1	152	3	1	-1	0.49998724460601807
3	CHEMBL3085020-CHEMBL115710	1	152	3	1	-1	0.49998724460601807
4	CHEMBL324518-CHEMBL115710	1	152	3	1	-1	0.49998724460601807
5	CHEMBL14391_CHEMBL2096860_CHEMBL215376_CHEMBL242338_CHEMBL290970_CHEMBL300226_CHEMBL311347_CHEMBL375889_CHEMBL4066427_CHEMBL610766-CHEMBL1945251_CHEMBL611180	1	152	3	-1	-1	0.49998724460601807
6	CHEMBL1818459-CHEMBL1818464	1	152	3	-1	-1	0.49998724460601807
7	CHEMBL220819-CHEMBL220801	1	152	3	-1	-1	0.49998724460601807
8	CHEMBL3085020-CHEMBL324518	1	152	3	-1	-1	0.49998724460601807
