	ids	cid	#tr	#ac_tr	trueY	predY	prob
0	CHEMBL476507-CHEMBL476111	1	143	8	1	-1	0.4999953508377075
1	CHEMBL476533-CHEMBL477582	1	143	8	-1	-1	0.4999953508377075
2	CHEMBL477182-CHEMBL478656	1	143	8	-1	-1	0.4999953508377075
3	CHEMBL514207-CHEMBL477182	1	143	8	-1	-1	0.4999953508377075
4	CHEMBL515318-CHEMBL477182	1	143	8	-1	-1	0.4999953508377075
5	CHEMBL514207-CHEMBL478656	1	143	8	-1	-1	0.4999953508377075
6	CHEMBL515318-CHEMBL478656	1	143	8	-1	-1	0.4999953508377075
7	CHEMBL494305-CHEMBL522689	1	143	8	-1	-1	0.49999529123306274
8	CHEMBL515318-CHEMBL514207	1	143	8	-1	-1	0.4999953508377075
