	ids	cid	#tr	#ac_tr	trueY	predY	prob
0	CHEMBL359424-CHEMBL144081	5	97	6	-1	-1	0.4999723434448242
1	CHEMBL2380397-CHEMBL2380399_CHEMBL2380405	5	97	6	1	-1	0.49993211030960083
2	CHEMBL2442880-CHEMBL2442891	5	97	6	-1	-1	0.4999198913574219
