	ids	cid	#tr	#ac_tr	trueY	predY	prob
0	CHEMBL2064564-CHEMBL2064565	4	83	5	-1	-1	0.41496512293815613
1	CHEMBL4073477-CHEMBL4062257	4	83	5	-1	-1	0.4163205325603485
2	CHEMBL4062257-CHEMBL4078833	4	83	5	1	-1	0.4149191379547119
3	CHEMBL4073477-CHEMBL4078833	4	83	5	-1	-1	0.41440778970718384
