	ids	cid	#tr	#ac_tr	trueY	predY	prob
0	CHEMBL365062-CHEMBL185752	2	146	4	1	-1	0.3378806412220001
1	CHEMBL305643-CHEMBL76819	2	146	4	-1	-1	0.3547164797782898
2	CHEMBL534492-CHEMBL535386	2	146	4	-1	-1	0.26369014382362366
