	ids	cid	#tr	#ac_tr	trueY	predY	prob
0	CHEMBL2153489-CHEMBL3604958	11	136	5	-1	-1	0.49985888600349426
1	CHEMBL2153490-CHEMBL3604958	11	136	5	-1	-1	0.49985888600349426
2	CHEMBL3578113-CHEMBL3578111	11	136	5	-1	-1	0.4998471140861511
3	CHEMBL3578113-CHEMBL3578115	11	136	5	1	-1	0.4998529255390167
