	ids	cid	#tr	#ac_tr	trueY	predY	prob
0	CHEMBL3103869-CHEMBL3792552	8	242	13	1	-1	0.3681543171405792
1	CHEMBL3103869-CHEMBL3793267	8	242	13	1	-1	0.3681543171405792
2	CHEMBL3634769-CHEMBL3634761	8	242	13	-1	-1	0.35912197828292847
3	CHEMBL3634761-CHEMBL3634771	8	242	13	-1	-1	0.35912197828292847
4	CHEMBL3634769-CHEMBL3634771	8	242	13	-1	-1	0.35912197828292847
5	CHEMBL3792552-CHEMBL3793267	8	242	13	-1	-1	0.3681543171405792
6	CHEMBL4450356-CHEMBL4439756	8	242	13	-1	-1	0.3588815927505493
7	CHEMBL583913-CHEMBL575263	8	242	13	-1	-1	0.2946387529373169
8	CHEMBL575675-CHEMBL583913	8	242	13	-1	-1	0.2946387529373169
