	ids	cid	#tr	#ac_tr	trueY	predY	prob
0	CHEMBL2180122-CHEMBL3290675	2	88	6	-1	-1	0.498832106590271
1	CHEMBL2398472_CHEMBL578028-CHEMBL409889	2	88	6	1	-1	0.4989842474460602
2	CHEMBL2398472_CHEMBL578028-CHEMBL575121	2	88	6	-1	-1	0.49898189306259155
3	CHEMBL3355416_CHEMBL3986151-CHEMBL4102205	2	88	6	-1	-1	0.4987454414367676
4	CHEMBL3355416_CHEMBL3986151-CHEMBL4103467	2	88	6	-1	-1	0.4987454414367676
5	CHEMBL4067591-CHEMBL4100837	2	88	6	-1	-1	0.498832106590271
6	CHEMBL4102205-CHEMBL4103467	2	88	6	-1	-1	0.4987126886844635
