	ids	cid	#tr	#ac_tr	trueY	predY	prob
0	CHEMBL336678-CHEMBL141085	0	241	12	-1	-1	0.002345352666452527
1	CHEMBL181593-CHEMBL182504	0	241	12	-1	-1	0.004290258511900902
2	CHEMBL188194-CHEMBL186628	0	241	12	-1	-1	0.05753534287214279
3	CHEMBL186628-CHEMBL190823	0	241	12	1	1	0.8128308653831482
4	CHEMBL186628-CHEMBL364002	0	241	12	-1	-1	0.013146623969078064
5	CHEMBL187924-CHEMBL188194	0	241	12	-1	-1	0.03426308557391167
6	CHEMBL187924-CHEMBL364002	0	241	12	-1	-1	0.01007084921002388
7	CHEMBL188194-CHEMBL364002	0	241	12	-1	-1	0.0019323297310620546
8	CHEMBL191366-CHEMBL189798	0	241	12	-1	-1	0.22609269618988037
