	ids	cid	#tr	#ac_tr	trueY	predY	prob
0	CHEMBL1223747-CHEMBL1223617	4	285	11	1	-1	0.2997470498085022
1	CHEMBL1223747-CHEMBL271989	4	285	11	-1	-1	0.38975781202316284
2	CHEMBL200366-CHEMBL427552	4	285	11	-1	-1	0.2996240556240082
3	CHEMBL2261606_CHEMBL242507-CHEMBL2261608_CHEMBL242723	4	285	11	-1	-1	0.3001207113265991
4	CHEMBL232609_CHEMBL233790-CHEMBL232779_CHEMBL232780	4	285	11	-1	-1	0.3040839731693268
5	CHEMBL232609_CHEMBL233790-CHEMBL234854_CHEMBL391016	4	285	11	-1	-1	0.3041849136352539
6	CHEMBL232779_CHEMBL232780-CHEMBL234854_CHEMBL391016	4	285	11	-1	-1	0.29975754022598267
