	ids	cid	#tr	#ac_tr	trueY	predY	prob
0	CHEMBL215864-CHEMBL213272	8	105	4	-1	-1	0.4742974042892456
1	CHEMBL3609147-CHEMBL3609148	8	105	4	-1	-1	0.4735231101512909
2	CHEMBL3735756-CHEMBL3813726	8	105	4	-1	-1	0.47542867064476013
3	CHEMBL3814485-CHEMBL3735756	8	105	4	-1	-1	0.47542867064476013
4	CHEMBL3814708-CHEMBL3735756	8	105	4	-1	-1	0.47542867064476013
5	CHEMBL3814708-CHEMBL3813726	8	105	4	1	-1	0.47542867064476013
6	CHEMBL3814485-CHEMBL3814708	8	105	4	-1	-1	0.47542867064476013
