	ids	cid	#tr	#ac_tr	trueY	predY	prob
0	CHEMBL183421-CHEMBL182269	12	106	4	-1	-1	0.4997006058692932
1	CHEMBL3585948-CHEMBL3585945	12	106	4	1	-1	0.49966394901275635
2	CHEMBL3585949-CHEMBL3585945	12	106	4	-1	-1	0.49966394901275635
3	CHEMBL3586418_CHEMBL3649129-CHEMBL3586423_CHEMBL3649134	12	106	4	-1	-1	0.4997008442878723
4	CHEMBL3586425_CHEMBL3646170-CHEMBL3586420_CHEMBL3646197	12	106	4	-1	-1	0.4997008442878723
