	ids	cid	#tr	#ac_tr	trueY	predY	prob
0	CHEMBL170192-CHEMBL173656	5	111	4	-1	-1	0.04198816046118736
1	CHEMBL170192-CHEMBL369798	5	111	4	-1	-1	0.04198816046118736
2	CHEMBL173656-CHEMBL369798	5	111	4	-1	-1	0.04198816046118736
3	CHEMBL370852-CHEMBL194809	5	111	4	-1	-1	0.04315752908587456
4	CHEMBL434355-CHEMBL195114	5	111	4	-1	-1	0.04198816046118736
5	CHEMBL2113352-CHEMBL2368612	5	111	4	-1	-1	0.04515191167593002
6	CHEMBL498355-CHEMBL495213	5	111	4	1	-1	0.04198816046118736
