	ids	cid	#tr	#ac_tr	trueY	predY	prob
0	CHEMBL4094671_CHEMBL4095528-CHEMBL4290071	5	146	4	-1	-1	0.49006012082099915
1	CHEMBL4094671_CHEMBL4095528-CHEMBL4290224	5	146	4	1	-1	0.4899322986602783
2	CHEMBL4293200-CHEMBL4290071	5	146	4	-1	-1	0.49006012082099915
3	CHEMBL4293200-CHEMBL4290224	5	146	4	-1	-1	0.4899322986602783
4	CHEMBL4468943-CHEMBL4436696	5	146	4	-1	-1	0.4899322986602783
5	CHEMBL4436696-CHEMBL4578998	5	146	4	-1	-1	0.4899322986602783
6	CHEMBL4468943-CHEMBL4578998	5	146	4	-1	-1	0.4899322986602783
