	ids	cid	#tr	#ac_tr	trueY	predY	prob
0	CHEMBL72787-CHEMBL308566	11	87	4	1	-1	0.49838754534721375
1	CHEMBL72957-CHEMBL308566	11	87	4	-1	-1	0.4988190531730652
2	CHEMBL72787-CHEMBL72957	11	87	4	-1	-1	0.4983901381492615
3	CHEMBL72787-CHEMBL73245	11	87	4	-1	-1	0.4983800947666168
4	CHEMBL72957-CHEMBL73245	11	87	4	-1	-1	0.4983800947666168
