	ids	cid	#tr	#ac_tr	trueY	predY	prob
0	CHEMBL2171000-CHEMBL2170977	0	76	5	1	-1	0.4999988079071045
1	CHEMBL2170992-CHEMBL2171000	0	76	5	-1	-1	0.49999868869781494
2	CHEMBL2170992-CHEMBL2171001	0	76	5	-1	-1	0.49999868869781494
3	CHEMBL2171001-CHEMBL2171000	0	76	5	-1	-1	0.4999985098838806
4	CHEMBL2171180-CHEMBL2171182_CHEMBL556265	0	76	5	-1	-1	0.4999988079071045
