	ids	cid	#tr	#ac_tr	trueY	predY	prob
0	CHEMBL1836512-CHEMBL1836513	2	198	7	-1	-1	0.4999736547470093
1	CHEMBL199163-CHEMBL200426	2	198	7	1	-1	0.4999736547470093
2	CHEMBL381190-CHEMBL199163	2	198	7	1	-1	0.49997478723526
3	CHEMBL381190-CHEMBL200426	2	198	7	-1	-1	0.49997478723526
4	CHEMBL371064-CHEMBL200619	2	198	7	-1	-1	0.49997544288635254
5	CHEMBL440035-CHEMBL200619	2	198	7	-1	-1	0.49997544288635254
6	CHEMBL440035-CHEMBL371064	2	198	7	-1	-1	0.4999738931655884
7	CHEMBL596265-CHEMBL594179	2	198	7	-1	-1	0.49997782707214355
