	ids	cid	#tr	#ac_tr	trueY	predY	prob
0	CHEMBL196598-CHEMBL194206	2	118	4	-1	-1	0.37250736355781555
1	CHEMBL194610-CHEMBL370896	2	118	4	-1	-1	0.3685922920703888
2	CHEMBL196666-CHEMBL282229	2	118	4	1	-1	0.36806291341781616
3	CHEMBL196666-CHEMBL364056	2	118	4	-1	-1	0.36840951442718506
