	ids	cid	#tr	#ac_tr	trueY	predY	prob
0	CHEMBL2153478-CHEMBL3394314	0	118	6	-1	-1	0.07603650540113449
1	CHEMBL2153478-CHEMBL3394315	0	118	6	-1	-1	0.07603650540113449
2	CHEMBL2153478-CHEMBL3394316	0	118	6	-1	-1	0.07603650540113449
3	CHEMBL3394314-CHEMBL3394316	0	118	6	-1	-1	0.046912092715501785
4	CHEMBL3394316-CHEMBL3394315	0	118	6	-1	-1	0.046912092715501785
5	CHEMBL3578113-CHEMBL3578115	0	118	6	1	-1	0.07923832535743713
