	ids	cid	#tr	#ac_tr	trueY	predY	prob
0	CHEMBL4645288-CHEMBL4632490	3	105	9	1	-1	0.4999995827674866
1	CHEMBL4636865-CHEMBL4643735	3	105	9	-1	-1	0.4999995827674866
2	CHEMBL4636865-CHEMBL4644817	3	105	9	-1	-1	0.4999995827674866
3	CHEMBL4644817-CHEMBL4643735	3	105	9	-1	-1	0.4999995827674866
4	CHEMBL4643735-CHEMBL4646438	3	105	9	-1	-1	0.4999995827674866
5	CHEMBL4644817-CHEMBL4646438	3	105	9	-1	-1	0.4999995827674866
