	ids	cid	#tr	#ac_tr	trueY	predY	prob
0	CHEMBL4088098-CHEMBL4066811	16	53	3	-1	-1	0.12955212593078613
1	CHEMBL4069226-CHEMBL4088098	16	53	3	-1	-1	0.10003890842199326
2	CHEMBL4082881-CHEMBL4073436	16	53	3	-1	-1	0.1805121749639511
3	CHEMBL4090685-CHEMBL4073436	16	53	3	-1	-1	0.16167998313903809
4	CHEMBL4082881-CHEMBL4090685	16	53	3	-1	-1	0.16059505939483643
5	CHEMBL4635645_CHEMBL4644062-CHEMBL4640382_CHEMBL4646299	16	53	3	1	-1	0.07026262581348419
