	ids	cid	#tr	#ac_tr	trueY	predY	prob
0	CHEMBL488710-CHEMBL454901_CHEMBL508284	1	156	4	-1	-1	0.00790517870336771
1	CHEMBL487044-CHEMBL462346	1	156	4	-1	-1	0.012713877484202385
2	CHEMBL488710-CHEMBL462346	1	156	4	-1	-1	0.012713877484202385
3	CHEMBL471517-CHEMBL471340	1	156	4	-1	-1	0.00790517870336771
4	CHEMBL487044-CHEMBL471340	1	156	4	-1	-1	0.00790517870336771
5	CHEMBL513404-CHEMBL471340	1	156	4	-1	-1	0.009276313707232475
6	CHEMBL488710-CHEMBL487044	1	156	4	-1	-1	0.012713877484202385
7	CHEMBL513404-CHEMBL488716	1	156	4	1	-1	0.00790517870336771
