	ids	cid	#tr	#ac_tr	trueY	predY	prob
0	CHEMBL111302-CHEMBL194206	22	114	5	-1	-1	0.04497189074754715
1	CHEMBL170192-CHEMBL173656	22	114	5	-1	-1	0.026768313720822334
2	CHEMBL170192-CHEMBL353256	22	114	5	1	-1	0.026768313720822334
3	CHEMBL173656-CHEMBL353256	22	114	5	-1	-1	0.026768313720822334
4	CHEMBL282693-CHEMBL20963	22	114	5	-1	-1	0.04231123998761177
