	ids	cid	#tr	#ac_tr	trueY	predY	prob
0	CHEMBL1934258-CHEMBL1934255	2	219	4	-1	-1	0.4979974627494812
1	CHEMBL207539-CHEMBL206975	2	219	4	-1	-1	0.4979974627494812
2	CHEMBL380834-CHEMBL206975	2	219	4	-1	-1	0.4979974627494812
3	CHEMBL207539-CHEMBL207022	2	219	4	1	-1	0.4979974627494812
4	CHEMBL380834-CHEMBL207022	2	219	4	1	-1	0.4979974627494812
5	CHEMBL437704-CHEMBL207022	2	219	4	-1	-1	0.4979974627494812
6	CHEMBL207539-CHEMBL380834	2	219	4	-1	-1	0.4979974627494812
7	CHEMBL380834-CHEMBL437704	2	219	4	1	-1	0.4979974627494812
