	ids	cid	#tr	#ac_tr	trueY	predY	prob
0	CHEMBL197820-CHEMBL198606	2	176	7	-1	-1	0.11530090868473053
1	CHEMBL197820-CHEMBL198607	2	176	7	-1	-1	0.12052883207798004
2	CHEMBL198606-CHEMBL198607	2	176	7	-1	-1	0.12052883207798004
3	CHEMBL457058-CHEMBL462345	2	176	7	1	-1	0.1421813815832138
4	CHEMBL462380-CHEMBL488884	2	176	7	-1	-1	0.140267476439476
