	ids	cid	#tr	#ac_tr	trueY	predY	prob
0	CHEMBL1824884-CHEMBL1824878	8	228	8	-1	-1	0.08672384917736053
1	CHEMBL1825130-CHEMBL1825131	8	228	8	-1	-1	0.1011805385351181
2	CHEMBL2170805-CHEMBL2001019_CHEMBL2170804	8	228	8	1	-1	0.11713901907205582
3	CHEMBL2170808-CHEMBL2001019_CHEMBL2170804	8	228	8	-1	-1	0.09861095994710922
4	CHEMBL2170808-CHEMBL2170805	8	228	8	-1	-1	0.10383323580026627
5	CHEMBL2170963-CHEMBL2170962	8	228	8	-1	-1	0.09358607977628708
6	CHEMBL2431824-CHEMBL2431828	8	228	8	-1	-1	0.11130687594413757
7	CHEMBL2431824-CHEMBL2431830	8	228	8	-1	-1	0.08677681535482407
8	CHEMBL2431830-CHEMBL2431828	8	228	8	-1	-1	0.11233548074960709
