	ids	cid	#tr	#ac_tr	trueY	predY	prob
0	CHEMBL173994-CHEMBL427421	9	158	7	-1	-1	0.49829375743865967
1	CHEMBL205880-CHEMBL206454	9	158	7	1	-1	0.4981327950954437
2	CHEMBL3355672-CHEMBL3355668	9	158	7	-1	-1	0.4981463849544525
3	CHEMBL3355674-CHEMBL3355668	9	158	7	-1	-1	0.4981268048286438
4	CHEMBL3355672-CHEMBL3355674	9	158	7	-1	-1	0.4982890188694
