	ids	cid	#tr	#ac_tr	trueY	predY	prob
0	CHEMBL181126-CHEMBL180680	21	126	3	-1	-1	0.49989816546440125
1	CHEMBL360245-CHEMBL180680	21	126	3	-1	-1	0.49989816546440125
2	CHEMBL361118-CHEMBL180680	21	126	3	-1	-1	0.49989816546440125
3	CHEMBL180680-CHEMBL362582	21	126	3	-1	-1	0.49989816546440125
4	CHEMBL181126-CHEMBL360245	21	126	3	-1	-1	0.49989816546440125
5	CHEMBL361118-CHEMBL181126	21	126	3	-1	-1	0.49989816546440125
6	CHEMBL361118-CHEMBL360245	21	126	3	-1	-1	0.49989816546440125
7	CHEMBL360245-CHEMBL362582	21	126	3	-1	-1	0.49989816546440125
8	CHEMBL361118-CHEMBL362582	21	126	3	1	-1	0.49989816546440125
