	ids	cid	#tr	#ac_tr	trueY	predY	prob
0	CHEMBL4069226-CHEMBL4079962	20	57	3	-1	-1	0.22391480207443237
1	CHEMBL4206496_CHEMBL4210113-CHEMBL4218224	20	57	3	-1	-1	0.25785231590270996
2	CHEMBL4635645_CHEMBL4644062-CHEMBL4640382_CHEMBL4646299	20	57	3	1	-1	0.2458626627922058
