	ids	cid	#tr	#ac_tr	trueY	predY	prob
0	CHEMBL213662-CHEMBL215656	3	177	11	-1	-1	0.004728162661194801
1	CHEMBL244147-CHEMBL230752	3	177	11	1	-1	0.07679130136966705
2	CHEMBL2377801-CHEMBL2377802	3	177	11	-1	-1	0.004728162661194801
3	CHEMBL2377805-CHEMBL2377801	3	177	11	-1	-1	0.0019399751909077168
4	CHEMBL2377805-CHEMBL2377802	3	177	11	-1	-1	0.0019399751909077168
5	CHEMBL396554-CHEMBL244147	3	177	11	-1	-1	0.0034750967752188444
6	CHEMBL397254-CHEMBL244147	3	177	11	-1	-1	0.03507549688220024
7	CHEMBL397415-CHEMBL387614	3	177	11	-1	-1	0.009229893796145916
8	CHEMBL4089378-CHEMBL4098207	3	177	11	-1	-1	0.008308004587888718
