	ids	cid	#tr	#ac_tr	trueY	predY	prob
0	CHEMBL186461-CHEMBL363893	4	158	5	-1	-1	0.49743902683258057
1	CHEMBL2058691-CHEMBL2058693	4	158	5	-1	-1	0.49750110507011414
2	CHEMBL2058916-CHEMBL2058691	4	158	5	1	-1	0.497775137424469
3	CHEMBL2058916-CHEMBL2058693	4	158	5	-1	-1	0.4977637231349945
4	CHEMBL2058917-CHEMBL2058923	4	158	5	-1	-1	0.49744081497192383
5	CHEMBL2058917-CHEMBL2058928	4	158	5	-1	-1	0.49744081497192383
6	CHEMBL2058923-CHEMBL2058928	4	158	5	-1	-1	0.49743473529815674
7	CHEMBL3606008-CHEMBL3606007	4	158	5	-1	-1	0.49748536944389343
