	ids	cid	#tr	#ac_tr	trueY	predY	prob
0	CHEMBL206975-CHEMBL208210	5	205	6	-1	-1	0.0195016972720623
1	CHEMBL380834-CHEMBL206975	5	205	6	-1	-1	0.0195016972720623
2	CHEMBL206975-CHEMBL382228	5	205	6	-1	-1	0.0195016972720623
3	CHEMBL208991-CHEMBL207378	5	205	6	-1	-1	0.0195016972720623
4	CHEMBL380834-CHEMBL207378	5	205	6	1	-1	0.0195016972720623
5	CHEMBL207378-CHEMBL382228	5	205	6	-1	-1	0.0195016972720623
6	CHEMBL380834-CHEMBL208210	5	205	6	-1	-1	0.0195016972720623
7	CHEMBL380834-CHEMBL208991	5	205	6	1	-1	0.0195016972720623
8	CHEMBL208991-CHEMBL382228	5	205	6	-1	-1	0.0195016972720623
