	ids	cid	#tr	#ac_tr	trueY	predY	prob
0	CHEMBL139923-CHEMBL337759	0	177	16	-1	-1	0.49123212695121765
1	CHEMBL2377805-CHEMBL2375441	0	177	16	-1	-1	0.4916318953037262
2	CHEMBL243509-CHEMBL243942	0	177	16	1	-1	0.4960669279098511
3	CHEMBL243509-CHEMBL394852	0	177	16	-1	-1	0.4960669279098511
4	CHEMBL390244-CHEMBL244360	0	177	16	-1	-1	0.49230965971946716
5	CHEMBL394852-CHEMBL394851	0	177	16	-1	-1	0.49123212695121765
6	CHEMBL397253-CHEMBL394851	0	177	16	-1	-1	0.49123212695121765
