	ids	cid	#tr	#ac_tr	trueY	predY	prob
0	CHEMBL277378-CHEMBL217769	3	185	6	-1	-1	0.02795872837305069
1	CHEMBL237472-CHEMBL3706926	3	185	6	-1	-1	0.03841006010770798
2	CHEMBL3706929-CHEMBL237472	3	185	6	1	-1	0.03244302049279213
3	CHEMBL266282-CHEMBL8394	3	185	6	-1	-1	0.02628455124795437
4	CHEMBL519450-CHEMBL481514	3	185	6	-1	-1	0.02619098499417305
5	CHEMBL481514-CHEMBL520603	3	185	6	-1	-1	0.025277340784668922
6	CHEMBL519780-CHEMBL481939	3	185	6	-1	-1	0.02619098499417305
7	CHEMBL519450-CHEMBL519780	3	185	6	-1	-1	0.025277340784668922
