	ids	cid	#tr	#ac_tr	trueY	predY	prob
0	CHEMBL1926845-CHEMBL1926687	9	99	5	1	-1	0.08079729974269867
1	CHEMBL1926839-CHEMBL1926842	9	99	5	-1	-1	0.08079729974269867
2	CHEMBL1926857-CHEMBL1926961	9	99	5	-1	-1	0.04774375259876251
3	CHEMBL1926966-CHEMBL1926964	9	99	5	-1	-1	0.04990521818399429
4	CHEMBL1926975-CHEMBL1926970	9	99	5	-1	-1	0.04774375259876251
