	ids	cid	#tr	#ac_tr	trueY	predY	prob
0	CHEMBL176270-CHEMBL360367	0	155	11	1	-1	0.49982285499572754
1	CHEMBL176270-CHEMBL361016	0	155	11	-1	-1	0.499813973903656
2	CHEMBL179663-CHEMBL361016	0	155	11	-1	-1	0.49982887506484985
3	CHEMBL436276-CHEMBL179663	0	155	11	-1	-1	0.4998195171356201
4	CHEMBL359810-CHEMBL360367	0	155	11	-1	-1	0.4998176693916321
5	CHEMBL359810-CHEMBL436276	0	155	11	-1	-1	0.49983274936676025
6	CHEMBL436276-CHEMBL360367	0	155	11	-1	-1	0.49983298778533936
7	CHEMBL436276-CHEMBL361016	0	155	11	-1	-1	0.4998231530189514
