	ids	cid	#tr	#ac_tr	trueY	predY	prob
0	CHEMBL3758657-CHEMBL3759727_CHEMBL3759997	4	144	11	-1	-1	0.10269617289304733
1	CHEMBL3759727_CHEMBL3759997-CHEMBL605742	4	144	11	-1	-1	0.09429501742124557
2	CHEMBL3759952-CHEMBL605742	4	144	11	1	-1	0.09429501742124557
