	ids	cid	#tr	#ac_tr	trueY	predY	prob
0	CHEMBL1629808-CHEMBL288280	1	248	12	-1	-1	0.025458693504333496
1	CHEMBL312214-CHEMBL1629808	1	248	12	1	-1	0.023279478773474693
2	CHEMBL1775041-CHEMBL1775036	1	248	12	-1	-1	0.0332210548222065
3	CHEMBL2397810-CHEMBL2397804	1	248	12	1	-1	0.07089617848396301
4	CHEMBL473726-CHEMBL288280	1	248	12	-1	-1	0.0332210548222065
5	CHEMBL3394082-CHEMBL3393986	1	248	12	-1	-1	0.04415607452392578
6	CHEMBL473103-CHEMBL508027	1	248	12	-1	-1	0.025458693504333496
7	CHEMBL473923-CHEMBL473726	1	248	12	-1	-1	0.03039812482893467
