	ids	cid	#tr	#ac_tr	trueY	predY	prob
0	CHEMBL3759445-CHEMBL3758508	1	143	13	-1	-1	0.0068040150217711926
1	CHEMBL3759811-CHEMBL3758508	1	143	13	1	-1	0.05757753178477287
2	CHEMBL3759011-CHEMBL3759445	1	143	13	-1	-1	0.000635567877907306
3	CHEMBL3759011-CHEMBL3759741	1	143	13	-1	-1	0.00037625711411237717
4	CHEMBL3759011-CHEMBL3759811	1	143	13	-1	-1	0.0021633808501064777
5	CHEMBL3759741-CHEMBL3759445	1	143	13	-1	-1	0.0007476563332602382
6	CHEMBL3759741-CHEMBL3759811	1	143	13	-1	-1	0.00254422752186656
