	ids	cid	#tr	#ac_tr	trueY	predY	prob
0	CHEMBL1822209-CHEMBL1822214	5	104	4	-1	-1	0.4363687038421631
1	CHEMBL2387082-CHEMBL2386970	5	104	4	-1	-1	0.4358466565608978
2	CHEMBL3769857-CHEMBL3769966	5	104	4	1	-1	0.4358466565608978
3	CHEMBL4539743-CHEMBL4286698	5	104	4	-1	-1	0.4363687038421631
