	ids	cid	#tr	#ac_tr	trueY	predY	prob
0	CHEMBL1738792-CHEMBL1738787	4	136	3	-1	-1	0.30180642008781433
1	CHEMBL1813211-CHEMBL1738787	4	136	3	-1	-1	0.30180642008781433
2	CHEMBL1738792-CHEMBL1813211	4	136	3	-1	-1	0.30180642008781433
3	CHEMBL184674-CHEMBL205743	4	136	3	1	-1	0.30180642008781433
4	CHEMBL1940391-CHEMBL2074640	4	136	3	-1	-1	0.30180642008781433
5	CHEMBL2048925-CHEMBL2048927	4	136	3	-1	-1	0.30180642008781433
6	CHEMBL269852_CHEMBL273046_CHEMBL437092-CHEMBL3092814_CHEMBL3092937	4	136	3	-1	-1	0.30180642008781433
7	CHEMBL4450272-CHEMBL4469954	4	136	3	-1	-1	0.30116045475006104
