	ids	cid	#tr	#ac_tr	trueY	predY	prob
0	CHEMBL137867-CHEMBL138575	6	184	13	-1	-1	0.0009679929935373366
1	CHEMBL139590-CHEMBL138575	6	184	13	-1	-1	0.0003610645653679967
2	CHEMBL214378-CHEMBL214794	6	184	13	-1	-1	0.003411334240809083
3	CHEMBL244147-CHEMBL230860	6	184	13	1	-1	0.010324916802346706
4	CHEMBL390244-CHEMBL230860	6	184	13	-1	-1	0.0008473860798403621
5	CHEMBL2377805-CHEMBL2377807	6	184	13	-1	-1	0.00023712967231404036
6	CHEMBL243730-CHEMBL244147	6	184	13	-1	-1	0.033330779522657394
7	CHEMBL508649-CHEMBL3400667	6	184	13	-1	-1	0.0006979290046729147
