	ids	cid	#tr	#ac_tr	trueY	predY	prob
0	CHEMBL1632220-CHEMBL1631532	1	182	11	-1	-1	0.4860759973526001
1	CHEMBL386431-CHEMBL208894	1	182	11	-1	-1	0.48524168133735657
2	CHEMBL3358107-CHEMBL3358105	1	182	11	-1	-1	0.4877559244632721
3	CHEMBL4459533-CHEMBL3358105	1	182	11	-1	-1	0.4877356290817261
4	CHEMBL4459533-CHEMBL3358107	1	182	11	-1	-1	0.4877356290817261
5	CHEMBL3815000-CHEMBL3815112	1	182	11	-1	-1	0.4844447374343872
6	CHEMBL516088-CHEMBL489408	1	182	11	1	-1	0.4873913824558258
