	ids	cid	#tr	#ac_tr	trueY	predY	prob
0	CHEMBL170192-CHEMBL173656	22	91	3	-1	-1	0.19596676528453827
1	CHEMBL170192-CHEMBL369798	22	91	3	-1	-1	0.20632191002368927
2	CHEMBL173656-CHEMBL369798	22	91	3	-1	-1	0.20632191002368927
3	CHEMBL194206-CHEMBL196169	22	91	3	-1	-1	0.21474020183086395
4	CHEMBL194206-CHEMBL197408	22	91	3	-1	-1	0.1969359964132309
5	CHEMBL197408-CHEMBL196169	22	91	3	-1	-1	0.21525120735168457
6	CHEMBL353256-CHEMBL369798	22	91	3	1	-1	0.19596676528453827
7	CHEMBL423610-CHEMBL353256	22	91	3	-1	-1	0.19596676528453827
