	ids	cid	#tr	#ac_tr	trueY	predY	prob
0	CHEMBL4059904_CHEMBL4079783-CHEMBL4069022_CHEMBL4095362	16	72	5	-1	-1	0.49432918429374695
1	CHEMBL4059904_CHEMBL4079783-CHEMBL4076937	16	72	5	-1	-1	0.49428990483283997
2	CHEMBL4078833-CHEMBL4059904_CHEMBL4079783	16	72	5	1	-1	0.4946194291114807
3	CHEMBL4075754-CHEMBL4069022_CHEMBL4095362	16	72	5	-1	-1	0.49428990483283997
4	CHEMBL4069022_CHEMBL4095362-CHEMBL4076937	16	72	5	-1	-1	0.49428990483283997
5	CHEMBL4075754-CHEMBL4076937	16	72	5	-1	-1	0.49428990483283997
6	CHEMBL4075754-CHEMBL4078833	16	72	5	-1	-1	0.49428990483283997
