	ids	cid	#tr	#ac_tr	trueY	predY	prob
0	CHEMBL242447-CHEMBL243746	18	71	3	-1	-1	0.33926066756248474
1	CHEMBL242663-CHEMBL242664	18	71	3	1	-1	0.3531560003757477
2	CHEMBL243101-CHEMBL242663	18	71	3	-1	-1	0.3532394766807556
3	CHEMBL396988-CHEMBL242663	18	71	3	-1	-1	0.34331202507019043
4	CHEMBL243101-CHEMBL242664	18	71	3	1	-1	0.337661474943161
5	CHEMBL396988-CHEMBL242664	18	71	3	1	-1	0.3340723514556885
6	CHEMBL243101-CHEMBL396988	18	71	3	-1	-1	0.33712542057037354
