	ids	cid	#tr	#ac_tr	trueY	predY	prob
0	CHEMBL435913-CHEMBL199214	13	215	5	-1	-1	0.49999290704727173
1	CHEMBL200708-CHEMBL200602	13	215	5	-1	-1	0.49999290704727173
2	CHEMBL2153167-CHEMBL2153169	13	215	5	-1	-1	0.4999936819076538
3	CHEMBL286364_CHEMBL31674-CHEMBL382286	13	215	5	-1	-1	0.49999332427978516
4	CHEMBL286364_CHEMBL31674-CHEMBL433985	13	215	5	-1	-1	0.49999332427978516
5	CHEMBL381940-CHEMBL380832	13	215	5	-1	-1	0.49999380111694336
6	CHEMBL383119-CHEMBL380832	13	215	5	1	-1	0.49999380111694336
7	CHEMBL381940-CHEMBL383119	13	215	5	1	-1	0.49999380111694336
8	CHEMBL433985-CHEMBL382286	13	215	5	-1	-1	0.49999332427978516
