	ids	cid	#tr	#ac_tr	trueY	predY	prob
0	CHEMBL2012000-CHEMBL2012001	14	126	7	-1	-1	0.49999725818634033
1	CHEMBL2012000-CHEMBL2012002	14	126	7	-1	-1	0.49999725818634033
2	CHEMBL2012002-CHEMBL2012001	14	126	7	-1	-1	0.49999719858169556
3	CHEMBL260173-CHEMBL260635	14	126	7	-1	-1	0.49999725818634033
4	CHEMBL260174-CHEMBL260634	14	126	7	1	-1	0.49999725818634033
5	CHEMBL260634-CHEMBL260635	14	126	7	-1	-1	0.49999725818634033
6	CHEMBL3353630_CHEMBL3353631-CHEMBL3353634	14	126	7	-1	-1	0.49999749660491943
7	CHEMBL3799339-CHEMBL3797680	14	126	7	-1	-1	0.4999973773956299
