	ids	cid	#tr	#ac_tr	trueY	predY	prob
0	CHEMBL191719-CHEMBL193827	5	149	6	-1	-1	0.1641259789466858
1	CHEMBL191719-CHEMBL195293	5	149	6	-1	-1	0.19468742609024048
2	CHEMBL373092-CHEMBL191719	5	149	6	-1	-1	0.1636693924665451
3	CHEMBL194026-CHEMBL193592	5	149	6	-1	-1	0.2012884020805359
4	CHEMBL193827-CHEMBL195293	5	149	6	-1	-1	0.19311055541038513
5	CHEMBL373092-CHEMBL193827	5	149	6	-1	-1	0.1641259789466858
6	CHEMBL194026-CHEMBL365551	5	149	6	1	-1	0.23658017814159393
