	ids	cid	#tr	#ac_tr	trueY	predY	prob
0	CHEMBL2181526-CHEMBL2181527	16	141	3	-1	-1	0.13458548486232758
1	CHEMBL2181528-CHEMBL2181662	16	141	3	-1	-1	0.13458548486232758
2	CHEMBL2181648-CHEMBL2181651	16	141	3	-1	-1	0.13458548486232758
3	CHEMBL2181648-CHEMBL2181653	16	141	3	-1	-1	0.13458548486232758
4	CHEMBL2181653-CHEMBL2181651	16	141	3	-1	-1	0.13458548486232758
5	CHEMBL2181652-CHEMBL2181653	16	141	3	-1	-1	0.13458548486232758
6	CHEMBL2331660-CHEMBL2331661	16	141	3	1	-1	0.13458548486232758
7	CHEMBL2331668-CHEMBL2331661	16	141	3	-1	-1	0.13458548486232758
