	ids	cid	#tr	#ac_tr	trueY	predY	prob
0	CHEMBL116071-CHEMBL116074	6	145	6	-1	-1	0.4999195337295532
1	CHEMBL117637_CHEMBL119391-CHEMBL116071	6	145	6	1	-1	0.4999197721481323
2	CHEMBL179531-CHEMBL360367	6	145	6	-1	-1	0.49991917610168457
3	CHEMBL436276-CHEMBL179531	6	145	6	-1	-1	0.4999202489852905
4	CHEMBL360367-CHEMBL360056	6	145	6	1	-1	0.4999183416366577
5	CHEMBL366865-CHEMBL360056	6	145	6	-1	-1	0.4999183416366577
6	CHEMBL436276-CHEMBL360367	6	145	6	-1	-1	0.4999202489852905
7	CHEMBL436276-CHEMBL366865	6	145	6	-1	-1	0.4999202489852905
8	CHEMBL436276-CHEMBL434906	6	145	6	-1	-1	0.4999202489852905
