	ids	cid	#tr	#ac_tr	trueY	predY	prob
0	CHEMBL1086038-CHEMBL1083098	4	155	4	-1	-1	0.49944618344306946
1	CHEMBL1083098-CHEMBL1086105	4	155	4	-1	-1	0.49944618344306946
2	CHEMBL1083098-CHEMBL1086460	4	155	4	-1	-1	0.49944618344306946
3	CHEMBL1086038-CHEMBL1083162	4	155	4	1	-1	0.49944618344306946
4	CHEMBL1086038-CHEMBL1086460	4	155	4	-1	-1	0.49944618344306946
5	CHEMBL1086460-CHEMBL1086105	4	155	4	-1	-1	0.49944618344306946
6	CHEMBL1770991-CHEMBL1770961	4	155	4	-1	-1	0.49944618344306946
7	CHEMBL1914548_CHEMBL1914549-CHEMBL1914540	4	155	4	-1	-1	0.49944618344306946
