	ids	cid	#tr	#ac_tr	trueY	predY	prob
0	CHEMBL405235-CHEMBL264433	1	248	12	1	-1	0.49995696544647217
1	CHEMBL563034-CHEMBL561163	1	248	12	-1	-1	0.4999566078186035
