	ids	cid	#tr	#ac_tr	trueY	predY	prob
0	CHEMBL381079-CHEMBL206153	3	285	18	-1	-1	0.049233417958021164
1	CHEMBL377882-CHEMBL207023	3	285	18	-1	-1	0.04271792620420456
2	CHEMBL207915-CHEMBL438059	3	285	18	1	-1	0.05717601627111435
3	CHEMBL382034-CHEMBL208993	3	285	18	-1	-1	0.09060374647378922
4	CHEMBL385173-CHEMBL216736	3	285	18	-1	-1	0.06910543143749237
5	CHEMBL386073-CHEMBL384199	3	285	18	-1	-1	0.05179647356271744
6	CHEMBL385607-CHEMBL386073	3	285	18	-1	-1	0.05179647356271744
7	CHEMBL69380-CHEMBL67078	3	285	18	-1	-1	0.05469893664121628
