{"train_num": 50, "batch_size": 128, "cuda": true, "device": "cuda", "gamma": 0.1, "nbits": 1455, "drop_rate": 0.15000000000000002, "step_num": 1, "DNNLayerNum": 6, "adam_lr": 0.0012566310749189968, "step_size": 50, "grad_node": 242, "node_list": [1455, 1213, 971, 729, 487, 245, 1]}