{"train_num": 50, "batch_size": 128, "cuda": true, "device": "cuda", "gamma": 0.1, "nbits": 1584, "drop_rate": 0.15000000000000002, "step_num": 1, "DNNLayerNum": 5, "adam_lr": 0.00010452580436490543, "step_size": 50, "grad_node": 316, "node_list": [1584, 1268, 952, 636, 320, 1]}