{"train_num": 50, "batch_size": 128, "cuda": true, "device": "cuda", "gamma": 0.1, "nbits": 2079, "drop_rate": 0.15000000000000002, "step_num": 3, "DNNLayerNum": 3, "adam_lr": 0.00010197731744165447, "step_size": 16, "grad_node": 693, "node_list": [2079, 1386, 693, 1]}