{"train_num": 50, "batch_size": 128, "cuda": false, "device": "cuda", "gamma": 0.1, "nbits": 2008, "drop_rate": 0.15000000000000002, "step_num": 1, "DNNLayerNum": 2, "adam_lr": 0.0010242419380742755, "step_size": 50, "grad_node": 1004, "node_list": [2008, 1004, 1]}