{"train_num": 50, "batch_size": 128, "cuda": true, "device": "cuda", "gamma": 0.1, "nbits": 5230, "drop_rate": 0.15000000000000002, "step_num": 3, "DNNLayerNum": 3, "adam_lr": 0.0063640269467326845, "step_size": 16, "grad_node": 1743, "node_list": [5230, 3487, 1744, 1]}