{"train_num": 50, "batch_size": 128, "cuda": false, "device": "cuda", "gamma": 0.1, "nbits": 1531, "drop_rate": 0.15000000000000002, "step_num": 1, "DNNLayerNum": 5, "adam_lr": 0.0004904825978880661, "step_size": 50, "grad_node": 306, "node_list": [1531, 1225, 919, 613, 307, 1]}