{"train_num": 50, "batch_size": 128, "cuda": false, "device": "cuda", "gamma": 0.1, "nbits": 2513, "drop_rate": 0.15000000000000002, "step_num": 1, "DNNLayerNum": 2, "adam_lr": 0.0003904994714262785, "step_size": 50, "grad_node": 1256, "node_list": [2513, 1257, 1]}