{"train_num": 50, "batch_size": 128, "cuda": false, "device": "cuda", "gamma": 0.1, "nbits": 804, "drop_rate": 0.15000000000000002, "step_num": 1, "DNNLayerNum": 7, "adam_lr": 0.0031083608573220156, "step_size": 50, "grad_node": 114, "node_list": [804, 690, 576, 462, 348, 234, 120, 1]}