{"train_num": 50, "batch_size": 128, "cuda": true, "device": "cuda", "gamma": 0.1, "nbits": 1130, "drop_rate": 0.15000000000000002, "step_num": 3, "DNNLayerNum": 7, "adam_lr": 0.00012228160844599524, "step_size": 16, "grad_node": 161, "node_list": [1130, 969, 808, 647, 486, 325, 164, 1]}