{"train_num": 50, "batch_size": 128, "cuda": false, "device": "cuda", "gamma": 0.1, "nbits": 2140, "drop_rate": 0.15000000000000002, "step_num": 3, "DNNLayerNum": 8, "adam_lr": 0.00026992823457663265, "step_size": 16, "grad_node": 267, "node_list": [2140, 1873, 1606, 1339, 1072, 805, 538, 271, 1]}