{"train_num": 50, "batch_size": 128, "cuda": true, "device": "cuda", "gamma": 0.1, "nbits": 4033, "drop_rate": 0.15000000000000002, "step_num": 2, "DNNLayerNum": 4, "adam_lr": 0.002068836129973306, "step_size": 25, "grad_node": 1008, "node_list": [4033, 3025, 2017, 1009, 1]}