{"train_num": 50, "batch_size": 128, "cuda": true, "device": "cuda", "gamma": 0.1, "nbits": 3832, "drop_rate": 0.15000000000000002, "step_num": 1, "DNNLayerNum": 2, "adam_lr": 0.00025567832553705804, "step_size": 50, "grad_node": 1916, "node_list": [3832, 1916, 1]}