{"train_num": 50, "batch_size": 128, "cuda": true, "device": "cuda", "gamma": 0.1, "nbits": 2008, "drop_rate": 0.15000000000000002, "step_num": 2, "DNNLayerNum": 2, "adam_lr": 0.0001326521538568842, "step_size": 25, "grad_node": 1004, "node_list": [2008, 1004, 1]}