{"train_num": 50, "batch_size": 128, "cuda": true, "device": "cuda", "gamma": 0.1, "nbits": 4259, "drop_rate": 0.15000000000000002, "step_num": 1, "DNNLayerNum": 2, "adam_lr": 0.00010101753402928417, "step_size": 50, "grad_node": 2129, "node_list": [4259, 2130, 1]}