{"train_num": 50, "batch_size": 128, "cuda": true, "device": "cuda", "gamma": 0.1, "nbits": 833, "drop_rate": 0.15000000000000002, "step_num": 2, "DNNLayerNum": 6, "adam_lr": 0.0004654335589218133, "step_size": 25, "grad_node": 138, "node_list": [833, 695, 557, 419, 281, 143, 1]}