	ids	loop	#tr	#ac_tr	trueY	predY	prob
0	CHEMBL1651351-CHEMBL382971	106	197	12	1	1.0	1.0
1	CHEMBL435913-CHEMBL199214	106	197	12	0	0.0	2.4265947350479383e-32
2	CHEMBL200203-CHEMBL200619	106	197	12	0	0.0	6.816955901088336e-18
3	CHEMBL200203-CHEMBL440035	106	197	12	0	0.0	6.372294592438266e-05
4	CHEMBL440035-CHEMBL200619	106	197	12	0	0.0	3.284758496742179e-22
5	CHEMBL213244-CHEMBL212907	106	197	12	0	0.0	0.0
6	CHEMBL435913-CHEMBL372410	106	197	12	0	0.0	2.955347819679573e-26
7	CHEMBL608115-CHEMBL3902105	106	197	12	1	1.0	1.0
8	CHEMBL608115-CHEMBL3982135	106	197	12	1	1.0	1.0
