	ids	loop	#tr	#ac_tr	trueY	predY	prob
0	CHEMBL1082508-CHEMBL1083481	6	196	11	1	0.0	2.515124606361496e-07
1	CHEMBL1085120-CHEMBL1082508	6	196	11	0	0.0	9.80828463070793e-06
2	CHEMBL1082508-CHEMBL1086113	6	196	11	0	0.0	1.5434618035214953e-05
3	CHEMBL1082508-CHEMBL1086476	6	196	11	0	0.0	1.2964110851498845e-07
4	CHEMBL1082510-CHEMBL1086476	6	196	11	0	0.0	1.964079729077639e-06
5	CHEMBL1085120-CHEMBL1083481	6	196	11	1	0.0	2.478455769505672e-07
6	CHEMBL1086113-CHEMBL1083481	6	196	11	1	0.0	3.8082123410276836e-07
7	CHEMBL1084335-CHEMBL1086476	6	196	11	0	0.0	8.165911822288763e-07
8	CHEMBL1085120-CHEMBL1086113	6	196	11	0	0.0	8.180861641449155e-07
