	ids	loop	#tr	#ac_tr	trueY	predY	prob
0	CHEMBL3103865-CHEMBL3103861	70	247	10	0	0.0	2.758437367411659e-10
1	CHEMBL3103868-CHEMBL3103861	70	247	10	1	0.0	1.057213872002194e-08
2	CHEMBL3103868-CHEMBL3103865	70	247	10	1	0.0	1.3158818319425336e-06
3	CHEMBL3103868-CHEMBL3793267	70	247	10	1	1.0	1.0
4	CHEMBL4450356-CHEMBL3648724	70	247	10	0	0.0	4.802748421184333e-09
5	CHEMBL573702-CHEMBL572784	70	247	10	0	0.0	5.274575264405112e-13
6	CHEMBL573046-CHEMBL573702	70	247	10	0	0.0	2.5736411699700534e-12
7	CHEMBL576387-CHEMBL573463	70	247	10	0	0.0	5.6462230446641115e-09
8	CHEMBL573475-CHEMBL573659	70	247	10	0	0.0	2.9075044455373344e-11
