	ids	loop	#tr	#ac_tr	trueY	predY	prob
0	CHEMBL1083780-CHEMBL1085038	26	211	14	0	0.0	0.07017642259597778
1	CHEMBL1083780-CHEMBL1085409	26	211	14	0	0.0	0.09165927022695541
2	CHEMBL1085852-CHEMBL1083782	26	211	14	1	0.0	0.06038060039281845
3	CHEMBL1085038-CHEMBL1084711	26	211	14	0	0.0	0.07547782361507416
4	CHEMBL1085120-CHEMBL1084711	26	211	14	0	0.0	0.24185658991336823
5	CHEMBL1085409-CHEMBL1084711	26	211	14	1	0.0	0.09506399929523468
6	CHEMBL1085120-CHEMBL1085038	26	211	14	0	0.0	0.07966068387031555
7	CHEMBL1085120-CHEMBL1085409	26	211	14	1	0.0	0.100533127784729
8	CHEMBL433946-CHEMBL443796	26	211	14	0	0.0	0.13288213312625885
