{"train_num": 50, "batch_size": 128, "agg_depth": 1, "cuda": true, "gamma": 0.1, "ConvNum": 2, "dropout": 0.15000000000000002, "dim": 80.0, "step_num": 1, "DNNLayerNum": 4, "lr": 0.0001186780795684754, "step_size": 50, "grad_node": 20, "node_list": [80, 60, 40, 20, 1]}