{"train_num": 50, "batch_size": 128, "agg_depth": 1, "cuda": true, "gamma": 0.1, "ConvNum": 4, "dropout": 0.15000000000000002, "dim": 70.0, "step_num": 2, "DNNLayerNum": 2, "lr": 0.00013952566000532046, "step_size": 25, "grad_node": 35, "node_list": [70, 35, 1]}