{"train_num": 50, "batch_size": 128, "agg_depth": 1, "cuda": true, "gamma": 0.1, "ConvNum": 3, "dropout": 0.15000000000000002, "dim": 90.0, "step_num": 1, "DNNLayerNum": 3, "lr": 0.0007943144616455469, "step_size": 50, "grad_node": 30, "node_list": [90, 60, 30, 1]}