{"train_num": 50, "batch_size": 128, "lr": 0.0001, "agg_depth": 1, "cuda": true, "gamma": 0.1, "ConvNum": 3, "dropout": 0.15000000000000002, "dim": 70.0, "step_num": 1, "DNNLayerNum": 5, "batch_prop": 0.0028960461140330306, "step_size": 50, "grad_node": 14, "node_list": [70, 56, 42, 28, 14, 1]}