{"train_num": 50, "batch_size": 128, "agg_depth": 1, "cuda": true, "gamma": 0.1, "ConvNum": 2, "dropout": 0.15000000000000002, "dim": 80.0, "step_num": 2, "DNNLayerNum": 2, "lr": 0.00013139763620304291, "step_size": 25, "grad_node": 40, "node_list": [80, 40, 1]}