{"train_num": 50, "batch_size": 128, "lr": 0.0001, "agg_depth": 1, "cuda": true, "gamma": 0.1, "ConvNum": 2, "dropout": 0.15000000000000002, "dim": 90.0, "step_num": 2, "DNNLayerNum": 7, "batch_prop": 0.008899286849130777, "step_size": 25, "grad_node": 12, "node_list": [90, 78, 66, 54, 42, 30, 18, 1]}