{"train_num": 50, "batch_size": 128, "agg_depth": 1, "cuda": true, "gamma": 0.1, "ConvNum": 4, "dropout": 0.15000000000000002, "dim": 90.0, "step_num": 3, "DNNLayerNum": 3, "lr": 0.00016301559981044567, "step_size": 16, "grad_node": 30, "node_list": [90, 60, 30, 1]}