{"train_num": 50, "batch_size": 128, "agg_depth": 1, "cuda": true, "gamma": 0.1, "ConvNum": 2, "dropout": 0.15000000000000002, "dim": 90.0, "step_num": 2, "DNNLayerNum": 3, "lr": 0.0011540627947480254, "step_size": 25, "grad_node": 30, "node_list": [90, 60, 30, 1]}