{"train_num": 50, "batch_size": 128, "agg_depth": 1, "cuda": true, "gamma": 0.1, "ConvNum": 4, "dropout": 0.15000000000000002, "dim": 100.0, "step_num": 3, "DNNLayerNum": 7, "lr": 0.00011698933165240824, "step_size": 16, "grad_node": 14, "node_list": [100, 86, 72, 58, 44, 30, 16, 1]}