{"train_num": 50, "batch_size": 128, "agg_depth": 1, "cuda": true, "gamma": 0.1, "ConvNum": 2, "dropout": 0.15000000000000002, "dim": 70.0, "step_num": 3, "DNNLayerNum": 7, "lr": 0.00028236707418935193, "step_size": 16, "grad_node": 10, "node_list": [70, 60, 50, 40, 30, 20, 10, 1]}