{"train_num": 50, "batch_size": 128, "agg_depth": 1, "cuda": true, "gamma": 0.1, "ConvNum": 2, "dropout": 0.15000000000000002, "dim": 80.0, "step_num": 3, "DNNLayerNum": 5, "lr": 0.0001550241629300359, "step_size": 16, "grad_node": 16, "node_list": [80, 64, 48, 32, 16, 1]}