{"train_num": 50, "batch_size": 128, "agg_depth": 1, "cuda": true, "gamma": 0.1, "ConvNum": 2, "dropout": 0.15000000000000002, "dim": 90.0, "step_num": 1, "DNNLayerNum": 5, "lr": 0.00018507305614235098, "step_size": 50, "grad_node": 18, "node_list": [90, 72, 54, 36, 18, 1]}