{"train_num": 50, "batch_size": 128, "agg_depth": 1, "cuda": true, "gamma": 0.1, "ConvNum": 3, "dropout": 0.15000000000000002, "dim": 70.0, "step_num": 2, "DNNLayerNum": 6, "lr": 0.005687702895698333, "step_size": 25, "grad_node": 11, "node_list": [70, 59, 48, 37, 26, 15, 1]}