{"train_num": 50, "batch_size": 128, "lr": 0.0001, "agg_depth": 1, "cuda": true, "gamma": 0.1, "ConvNum": 4, "dropout": 0.15000000000000002, "dim": 90.0, "step_num": 1, "DNNLayerNum": 8, "batch_prop": 0.001186597106528379, "step_size": 50, "grad_node": 11, "node_list": [90, 79, 68, 57, 46, 35, 24, 13, 1]}