{"train_num": 50, "batch_size": 128, "lr": 0.0001, "agg_depth": 1, "cuda": true, "gamma": 0.1, "ConvNum": 2, "dropout": 0.15000000000000002, "dim": 80.0, "step_num": 1, "DNNLayerNum": 2, "batch_prop": 0.005643868489189206, "step_size": 50, "grad_node": 40, "node_list": [80, 40, 1]}