{"train_num": 50, "batch_size": 128, "agg_depth": 1, "cuda": true, "gamma": 0.1, "ConvNum": 2, "dropout": 0.15000000000000002, "dim": 80.0, "step_num": 3, "DNNLayerNum": 6, "lr": 0.00013715575619236954, "step_size": 16, "grad_node": 13, "node_list": [80, 67, 54, 41, 28, 15, 1]}