{"train_num": 50, "batch_size": 128, "lr": 0.0001, "agg_depth": 1, "cuda": true, "gamma": 0.1, "ConvNum": 4, "dropout": 0.15000000000000002, "dim": 100.0, "step_num": 1, "DNNLayerNum": 2, "batch_prop": 0.07547091515036733, "step_size": 50, "grad_node": 50, "node_list": [100, 50, 1]}