{"train_num": 50, "batch_size": 128, "agg_depth": 1, "cuda": true, "gamma": 0.1, "ConvNum": 3, "dropout": 0.15000000000000002, "dim": 70.0, "step_num": 1, "DNNLayerNum": 2, "lr": 0.007377056117670891, "step_size": 50, "grad_node": 35, "node_list": [70, 35, 1]}