{"train_num": 50, "batch_size": 128, "agg_depth": 1, "cuda": true, "gamma": 0.1, "ConvNum": 3, "dropout": 0.15000000000000002, "dim": 90.0, "step_num": 3, "DNNLayerNum": 2, "lr": 0.0003572815322421176, "step_size": 16, "grad_node": 45, "node_list": [90, 45, 1]}