	ids	loop	#tr	#ac_tr	trueY	predY	prob
0	CHEMBL1083780-CHEMBL1085038	26	211	14	0	0.0	0.4505784511566162
1	CHEMBL1083780-CHEMBL1085409	26	211	14	0	0.0	0.45124855637550354
2	CHEMBL1085852-CHEMBL1083782	26	211	14	1	0.0	0.45007598400115967
3	CHEMBL1085038-CHEMBL1084711	26	211	14	0	0.0	0.4500025808811188
4	CHEMBL1085120-CHEMBL1084711	26	211	14	0	0.0	0.45000943541526794
5	CHEMBL1085409-CHEMBL1084711	26	211	14	1	0.0	0.45061367750167847
6	CHEMBL1085120-CHEMBL1085038	26	211	14	0	0.0	0.4500111937522888
7	CHEMBL1085120-CHEMBL1085409	26	211	14	1	0.0	0.450617253780365
8	CHEMBL433946-CHEMBL443796	26	211	14	0	0.0	0.4506475329399109
