	ids	loop	#tr	#ac_tr	trueY	predY	prob
0	CHEMBL1651351-CHEMBL382971	106	197	12	1	0.0	0.44972726702690125
1	CHEMBL435913-CHEMBL199214	106	197	12	0	0.0	0.452409952878952
2	CHEMBL200203-CHEMBL200619	106	197	12	0	0.0	0.4503306448459625
3	CHEMBL200203-CHEMBL440035	106	197	12	0	0.0	0.4503404498100281
4	CHEMBL440035-CHEMBL200619	106	197	12	0	0.0	0.4510692059993744
5	CHEMBL213244-CHEMBL212907	106	197	12	0	0.0	0.4522961378097534
6	CHEMBL435913-CHEMBL372410	106	197	12	0	0.0	0.45227983593940735
7	CHEMBL608115-CHEMBL3902105	106	197	12	1	0.0	0.4501798450946808
8	CHEMBL608115-CHEMBL3982135	106	197	12	1	0.0	0.450071781873703
