	ids	loop	#tr	#ac_tr	trueY	predY	prob
0	CHEMBL3103865-CHEMBL3103861	70	247	10	0	1.0	0.5326566100120544
1	CHEMBL3103868-CHEMBL3103861	70	247	10	1	1.0	0.5297259092330933
2	CHEMBL3103868-CHEMBL3103865	70	247	10	1	1.0	0.5341852307319641
3	CHEMBL3103868-CHEMBL3793267	70	247	10	1	1.0	0.531987726688385
4	CHEMBL4450356-CHEMBL3648724	70	247	10	0	1.0	0.5618804693222046
5	CHEMBL573702-CHEMBL572784	70	247	10	0	1.0	0.5079754590988159
6	CHEMBL573046-CHEMBL573702	70	247	10	0	1.0	0.5246497988700867
7	CHEMBL576387-CHEMBL573463	70	247	10	0	1.0	0.5403536558151245
8	CHEMBL573475-CHEMBL573659	70	247	10	0	1.0	0.5402528047561646
