	id	chembl_cid1	chembl_cid2	core	sub1	sub2	pot1	pot2	dpot	thres	class	core_id	CGR
0	CHEMBL1782964-CHEMBL1782965	CHEMBL1782964	CHEMBL1782965	[R1]c1cc(nn1c2ccc(cc2)Cl)c3ccccc3c4cccc(c4)OCC(=O)O	[R1]c1ccccc1	[R1]c1ccco1	7.886056647693162	8.154901959985743	0.2688453122925809	1.507287406232984	-1	1.0	O=C(O)COc1cccc(-c2ccccc2-c2cc(-c3ccccc3)(~c3ccco3)n(-c3ccc(Cl)cc3)n2)c1
1	CHEMBL1782964-CHEMBL1782966	CHEMBL1782964	CHEMBL1782966	[R1]c1cc(nn1c2ccc(cc2)Cl)c3ccccc3c4cccc(c4)OCC(=O)O	[R1]c1ccccc1	[R1]c1cccs1	7.886056647693162	8.301029995663981	0.4149733479708191	1.507287406232984	-1	1.0	O=C(O)COc1cccc(-c2ccccc2-c2cc(-c3ccccc3)(~c3cccs3)n(-c3ccc(Cl)cc3)n2)c1
2	CHEMBL1782965-CHEMBL1782966	CHEMBL1782965	CHEMBL1782966	[R1]c1cc(nn1c2ccc(cc2)Cl)c3ccccc3c4cccc(c4)OCC(=O)O	[R1]c1ccco1	[R1]c1cccs1	8.154901959985743	8.301029995663981	0.1461280356782381	1.507287406232984	-1	1.0	O=C(O)COc1cccc(-c2ccccc2-c2cc(-c3ccco3)(~c3cccs3)n(-c3ccc(Cl)cc3)n2)c1
3	CHEMBL1782968-CHEMBL1782966	CHEMBL1782968	CHEMBL1782966	[R1]Oc1cccc(c1)c2ccccc2c3cc(n(n3)c4ccc(cc4)Cl)c5cccs5	[R1]C(CC)C(=O)O	[R1]CC(=O)O	8.221848749616356	8.301029995663981	0.0791812460476251	1.507287406232984	-1	0.0	CCC(C(=O)O)O(~CC(=O)O)c1cccc(-c2ccccc2-c2cc(-c3cccs3)n(-c3ccc(Cl)cc3)n2)c1
