	id	chembl_cid1	chembl_cid2	core	sub1	sub2	pot1	pot2	dpot	thres	class	core_id	CGR
0	CHEMBL3417198-CHEMBL3417199	CHEMBL3417198	CHEMBL3417199	[R1]n1cc(cc(c1=O)Nc2c3c(c(sc3ncn2)C(=O)O)C)C	[R1]C	[R1]CCOC	5.31695296176115	5.6861327796308485	0.3691798178696981	1.1847820304145715	-1	2.0	COCC~n1(C)cc(C)cc(Nc2ncnc3sc(C(=O)O)c(C)c23)c1=O
1	CHEMBL3417204-CHEMBL3417203	CHEMBL3417203	CHEMBL3417204	[R1]C(=O)c1c(c2c(ncnc2s1)Nc3cc(cn(c3=O)C)C)C	[R1]NCCOC	[R1]NCCCOC	5.267606240177031	5.301029995663981	0.0334237554869503	1.1847820304145715	-1	1.0	COCCCN~C(=O)(NCCOC)c1sc2ncnc(Nc3cc(C)cn(C)c3=O)c2c1C
2	CHEMBL3632743-CHEMBL3632744	CHEMBL3632743	CHEMBL3632744	[R1]C(=O)c1c(c2c(ncnc2s1)Nc3ccc(cc3OC(C)C)F)C	[R1]N	[R1]NC	5.991399828238082	6.974694134735231	0.9832943064971492	1.1847820304145715	-1	0.0	CN~C(N)(=O)c1sc2ncnc(Nc3ccc(F)cc3OC(C)C)c2c1C
3	CHEMBL3632743-CHEMBL3632745	CHEMBL3632743	CHEMBL3632745	[R1]C(=O)c1c(c2c(ncnc2s1)Nc3ccc(cc3OC(C)C)F)C	[R1]N	[R1]NCC	5.991399828238082	6.0301183562535	0.0387185280154183	1.1847820304145715	-1	0.0	CCN~C(N)(=O)c1sc2ncnc(Nc3ccc(F)cc3OC(C)C)c2c1C
4	CHEMBL3632743-CHEMBL3632747	CHEMBL3632743	CHEMBL3632747	[R1]C(=O)c1c(c2c(ncnc2s1)Nc3ccc(cc3OC(C)C)F)C	[R1]N	[R1]NCCCOC	5.991399828238082	6.494850021680094	0.5034501934420117	1.1847820304145715	-1	0.0	COCCCN~C(N)(=O)c1sc2ncnc(Nc3ccc(F)cc3OC(C)C)c2c1C
5	CHEMBL3632744-CHEMBL3632745	CHEMBL3632745	CHEMBL3632744	[R1]C(=O)c1c(c2c(ncnc2s1)Nc3ccc(cc3OC(C)C)F)C	[R1]NCC	[R1]NC	6.0301183562535	6.974694134735231	0.944575778481731	1.1847820304145715	-1	0.0	CCNC(=O)(~NC)c1sc2ncnc(Nc3ccc(F)cc3OC(C)C)c2c1C
6	CHEMBL3632744-CHEMBL3632747	CHEMBL3632747	CHEMBL3632744	[R1]C(=O)c1c(c2c(ncnc2s1)Nc3ccc(cc3OC(C)C)F)C	[R1]NCCCOC	[R1]NC	6.494850021680094	6.974694134735231	0.4798441130551376	1.1847820304145715	-1	0.0	CN~C(=O)(NCCCOC)c1sc2ncnc(Nc3ccc(F)cc3OC(C)C)c2c1C
7	CHEMBL3632745-CHEMBL3632747	CHEMBL3632745	CHEMBL3632747	[R1]C(=O)c1c(c2c(ncnc2s1)Nc3ccc(cc3OC(C)C)F)C	[R1]NCC	[R1]NCCCOC	6.0301183562535	6.494850021680094	0.4647316654265934	1.1847820304145715	-1	0.0	CCNC(=O)(~NCCCOC)c1sc2ncnc(Nc3ccc(F)cc3OC(C)C)c2c1C
