	id	chembl_cid1	chembl_cid2	core	sub1	sub2	pot1	pot2	dpot	thres	class	core_id	CGR
0	CHEMBL2159749-CHEMBL2159748	CHEMBL2159749	CHEMBL2159748	[R1]C(=O)c1cccc2c1C(=O)N(C2)Cc3ccccc3	[R1]N1CCCC1	[R1]N1CCCC1C#N	6.795880017344077	7.6020599913279625	0.8061799739838857	2.5563671095530687	-1	0.0	N#CC1CCCN1~C(=O)(c1cccc2c1C(=O)N(Cc1ccccc1)C2)N1CCCC1
1	CHEMBL2159748-CHEMBL4451993	CHEMBL2159748	CHEMBL4451993	[R1]C(=O)c1cccc2c1C(=O)N(C2)Cc3ccccc3	[R1]N1CCCC1C#N	[R1]N1CCCC1C=O	7.6020599913279625	8.18428065621926	0.582220664891298	2.5563671095530687	-1	0.0	N#CC1CCCN1C(=O)(c1cccc2c1C(=O)N(Cc1ccccc1)C2)~N1CCCC1C=O
2	CHEMBL4453293_CHEMBL4462021-CHEMBL2159748	CHEMBL4453293_CHEMBL4462021	CHEMBL2159748	[R1]C(=O)c1cccc2c1C(=O)N(C2)Cc3ccccc3	[R1]N1CC(CC1C#N)F	[R1]N1CCCC1C#N	6.769551078621726	7.6020599913279625	0.8325089127062357	2.5563671095530687	-1	0.0	N#CC1CC(F)CN1C(=O)(c1cccc2c1C(=O)N(Cc1ccccc1)C2)~N1CCCC1C#N
3	CHEMBL4437462_CHEMBL4584206-CHEMBL2159749	CHEMBL4437462_CHEMBL4584206	CHEMBL2159749	[R1]C(=O)c1cccc2c1C(=O)N(C2)Cc3ccccc3	[R1]N1CCC(C1)F	[R1]N1CCCC1	6.372605156301395	6.795880017344077	0.4232748610426808	2.5563671095530687	-1	0.0	O=C1c2c(cccc2C(=O)(N2CCC(F)C2)~N2CCCC2)CN1Cc1ccccc1
4	CHEMBL4453293_CHEMBL4462021-CHEMBL2159749	CHEMBL4453293_CHEMBL4462021	CHEMBL2159749	[R1]C(=O)c1cccc2c1C(=O)N(C2)Cc3ccccc3	[R1]N1CC(CC1C#N)F	[R1]N1CCCC1	6.769551078621726	6.795880017344077	0.0263289387223499	2.5563671095530687	-1	0.0	N#CC1CC(F)CN1C(=O)(c1cccc2c1C(=O)N(Cc1ccccc1)C2)~N1CCCC1
5	CHEMBL4453293_CHEMBL4462021-CHEMBL4437462_CHEMBL4584206	CHEMBL4437462_CHEMBL4584206	CHEMBL4453293_CHEMBL4462021	[R1]C(=O)c1cccc2c1C(=O)N(C2)Cc3ccccc3	[R1]N1CCC(C1)F	[R1]N1CC(CC1C#N)F	6.372605156301395	6.769551078621726	0.3969459223203309	2.5563671095530687	-1	0.0	N#CC1CC(F)CN1~C(=O)(c1cccc2c1C(=O)N(Cc1ccccc1)C2)N1CCC(F)C1
6	CHEMBL4474579-CHEMBL4437462_CHEMBL4584206	CHEMBL4474579	CHEMBL4437462_CHEMBL4584206	[R1]C(=O)c1cccc2c1C(=O)N(C2)Cc3ccccc3	[R1]N1CC(CC1C#N)(F)F	[R1]N1CCC(C1)F	5.481486060122112	6.372605156301395	0.891119096179283	2.5563671095530687	-1	0.0	N#CC1CC(F)(F)CN1C(=O)(c1cccc2c1C(=O)N(Cc1ccccc1)C2)~N1CCC(F)C1
7	CHEMBL4474579-CHEMBL4451993	CHEMBL4474579	CHEMBL4451993	[R1]C(=O)c1cccc2c1C(=O)N(C2)Cc3ccccc3	[R1]N1CC(CC1C#N)(F)F	[R1]N1CCCC1C=O	5.481486060122112	8.18428065621926	2.702794596097148	2.5563671095530687	1	0.0	N#CC1CC(F)(F)CN1C(=O)(c1cccc2c1C(=O)N(Cc1ccccc1)C2)~N1CCCC1C=O
