	id	chembl_cid1	chembl_cid2	core	sub1	sub2	pot1	pot2	dpot	thres	class	core_id	CGR
0	CHEMBL4637839-CHEMBL4635478	CHEMBL4635478	CHEMBL4637839	[R1]Oc1cccn2c1nc(n2)NC3C4CCC3CN(C4)c5cc(ns5)C	[R1]CC(F)(F)F	[R1]C(C)C(F)(F)F	6.920818753952375	7.070581074285707	0.14976232033333226	0.36572293428388	-1	2.0	Cc1cc(N2CC3CCC(C2)C3Nc2nc3c(O(CC(F)(F)F)~C(C)C(F)(F)F)cccn3n2)sn1
1	CHEMBL4635478-CHEMBL4638937	CHEMBL4638937	CHEMBL4635478	[R1]N1CC2CCC(C1)C2Nc3nc4c(cccn4n3)OCC(F)(F)F	[R1]c1ccnc(c1)C(F)(F)F	[R1]c1cc(ns1)C	6.6020599913279625	6.920818753952375	0.3187587626244124	0.36572293428388	-1	1.0	Cc1cc(~N2(c3ccnc(C(F)(F)F)c3)CC3CCC(C2)C3Nc2nc3c(OCC(F)(F)F)cccn3n2)sn1
2	CHEMBL4635478-CHEMBL4639184	CHEMBL4639184	CHEMBL4635478	[R1]N1CC2CCC(C1)C2Nc3nc4c(cccn4n3)OCC(F)(F)F	[R1]c1nc(ns1)C	[R1]c1cc(ns1)C	6.823908740944319	6.920818753952375	0.09691001300805624	0.36572293428388	-1	1.0	Cc1cc(~N2(c3nc(C)ns3)CC3CCC(C2)C3Nc2nc3c(OCC(F)(F)F)cccn3n2)sn1
3	CHEMBL4638937-CHEMBL4639184	CHEMBL4638937	CHEMBL4639184	[R1]N1CC2CCC(C1)C2Nc3nc4c(cccn4n3)OCC(F)(F)F	[R1]c1ccnc(c1)C(F)(F)F	[R1]c1nc(ns1)C	6.6020599913279625	6.823908740944319	0.22184874961635612	0.36572293428388	-1	1.0	Cc1nsc(~N2(c3ccnc(C(F)(F)F)c3)CC3CCC(C2)C3Nc2nc3c(OCC(F)(F)F)cccn3n2)n1
4	CHEMBL4639184-CHEMBL4649825	CHEMBL4639184	CHEMBL4649825	[R1]c1cccn2c1nc(n2)NC3C4CCC3CN(C4)c5nc(ns5)C	[R1]OCC(F)(F)F	[R1]c1ccc(c(c1F)F)F	6.823908740944319	6.920818753952375	0.09691001300805624	0.36572293428388	-1	0.0	Cc1nsc(N2CC3CCC(C2)C3Nc2nc3n(cccc3(OCC(F)(F)F)~c3ccc(F)c(F)c3F)n2)n1
