	id	chembl_cid1	chembl_cid2	core	sub1	sub2	pot1	pot2	dpot	thres	class	core_id	CGR
0	CHEMBL1089369-CHEMBL1089035	CHEMBL1089035	CHEMBL1089369	[R1]C(=O)C(Cc1cccc(c1)F)NC(=O)c2ccc3ccccc3c2	[R1]Nc1nccs1	[R1]NS(=O)(=O)C	4.2441251443275085	4.275724130399212	0.031598986071703195	0.7214235280025743	-1	5.0	CS(=O)(=O)N~C(=O)(Nc1nccs1)C(Cc1cccc(F)c1)NC(=O)c1ccc2ccccc2c1
1	CHEMBL1090715-CHEMBL1090714	CHEMBL1090714	CHEMBL1090715	[R1]=CCC(C(=O)O)NC(=O)c1ccc2ccccc2c1	[R1]=Cc1ccccc1	[R1]=Cc1cccc(c1)F	5.7447274948966935	6.0506099933550885	0.305882498458395	0.7214235280025743	-1	4.0	O=C(NC(CC(Cc1ccccc1)~Cc1cccc(F)c1)C(=O)O)c1ccc2ccccc2c1
2	CHEMBL1091060-CHEMBL1090714	CHEMBL1091060	CHEMBL1090714	[R1]=CCC(C(=O)O)NC(=O)c1ccc2ccccc2c1	[R1]=CC1=CCCCC1	[R1]=Cc1ccccc1	5.698970004336019	5.7447274948966935	0.0457574905606748	0.7214235280025743	-1	4.0	O=C(NC(CC(CC1=CCCCC1)~Cc1ccccc1)C(=O)O)c1ccc2ccccc2c1
3	CHEMBL1091060-CHEMBL1090715	CHEMBL1091060	CHEMBL1090715	[R1]=CCC(C(=O)O)NC(=O)c1ccc2ccccc2c1	[R1]=CC1=CCCCC1	[R1]=Cc1cccc(c1)F	5.698970004336019	6.0506099933550885	0.3516399890190698	0.7214235280025743	-1	4.0	O=C(NC(CC(CC1=CCCCC1)~Cc1cccc(F)c1)C(=O)O)c1ccc2ccccc2c1
4	CHEMBL187465-CHEMBL189818	CHEMBL189818	CHEMBL187465	[R1]C(=O)C(C(C)OP(=O)(O)O)NC(=O)CCCc1ccccc1	[R1]N1CCCC1C(=O)N	[R1]N1CC=CC1C(=O)N	4.5228787452803365	4.5528419686577815	0.02996322337744495	0.7214235280025743	-1	3.0	CC(OP(=O)(O)O)C(NC(=O)CCCc1ccccc1)C(=O)(N1CCCC1C(N)=O)~N1CC=CC1C(N)=O
5	CHEMBL187793-CHEMBL360409	CHEMBL187793	CHEMBL360409	[R1]C(=O)C(C(C)OP(=O)(O)O)NC(=O)OCC1c2ccccc2-c3c1cccc3	[R1]N1CC=CC1C(=O)N	[R1]N1CCCC1C(=O)N	4.180456064458132	4.823908740944318	0.6434526764861861	0.7214235280025743	-1	2.0	CC(OP(=O)(O)O)C(NC(=O)OCC1c2ccccc2-c2ccccc21)C(=O)(N1CC=CC1C(N)=O)~N1CCCC1C(N)=O
6	CHEMBL190868-CHEMBL191285	CHEMBL190868	CHEMBL191285	[R1]NC(C(C)OP(=O)(O)O)C(=O)N1CCCC1C(=O)N	[R1]C(=O)C	[R1]C(=O)Cc1ccccc1	4.0	4.4559319556497226	0.4559319556497234	0.7214235280025743	-1	1.0	CC(=O)N(C(C(=O)N1CCCC1C(N)=O)C(C)OP(=O)(O)O)~C(=O)Cc1ccccc1
7	CHEMBL3099732-CHEMBL3099729	CHEMBL3099732	CHEMBL3099729	[R1]C(=O)C1C(C2CCCN2C1c3ccc4ccccc4c3)COP(=O)(O)O	[R1]NCc1ccc2c(c1)OCO2	[R1]NCc1ccccc1	4.494850021680094	4.823908740944318	0.32905871926422403	0.7214235280025743	-1	0.0	O=C(NCc1ccc2c(c1)OCO2)(~NCc1ccccc1)C1C(COP(=O)(O)O)C2CCCN2C1c1ccc2ccccc2c1
