	ids	loop	#tr	#ac_tr	trueY	predY	prob
0	CHEMBL3103865-CHEMBL3103861	70	247	10	0	1.0	0.9999593496322632
1	CHEMBL3103868-CHEMBL3103861	70	247	10	1	1.0	0.997376561164856
2	CHEMBL3103868-CHEMBL3103865	70	247	10	1	1.0	0.9941487312316895
3	CHEMBL3103868-CHEMBL3793267	70	247	10	1	1.0	0.9999948740005493
4	CHEMBL4450356-CHEMBL3648724	70	247	10	0	0.0	6.314742023554032e-13
5	CHEMBL573702-CHEMBL572784	70	247	10	0	0.0	1.9372856454886317e-14
6	CHEMBL573046-CHEMBL573702	70	247	10	0	0.0	3.3606076499381743e-07
7	CHEMBL576387-CHEMBL573463	70	247	10	0	0.0	3.8886976971852505e-11
8	CHEMBL573475-CHEMBL573659	70	247	10	0	0.0	1.6893487476965507e-12
