	ids	loop	#tr	#ac_tr	trueY	predY	prob
0	CHEMBL1082508-CHEMBL1083481	6	196	11	1	0.0	0.16676154732704163
1	CHEMBL1085120-CHEMBL1082508	6	196	11	0	0.0	0.395404577255249
2	CHEMBL1082508-CHEMBL1086113	6	196	11	0	0.0	0.39142146706581116
3	CHEMBL1082508-CHEMBL1086476	6	196	11	0	0.0	0.2133144587278366
4	CHEMBL1082510-CHEMBL1086476	6	196	11	0	0.0	0.28651824593544006
5	CHEMBL1085120-CHEMBL1083481	6	196	11	1	0.0	0.1657121777534485
6	CHEMBL1086113-CHEMBL1083481	6	196	11	1	0.0	0.16362136602401733
7	CHEMBL1084335-CHEMBL1086476	6	196	11	0	0.0	0.2252141684293747
8	CHEMBL1085120-CHEMBL1086113	6	196	11	0	0.0	0.33546096086502075
