	ids	loop	#tr	#ac_tr	trueY	predY	prob
0	CHEMBL1083780-CHEMBL1085038	26	211	14	0	0.0	5.286133273286463e-18
1	CHEMBL1083780-CHEMBL1085409	26	211	14	0	0.0	4.910955553327767e-08
2	CHEMBL1085852-CHEMBL1083782	26	211	14	1	0.0	2.2979203412874013e-15
3	CHEMBL1085038-CHEMBL1084711	26	211	14	0	0.0	0.038104329258203506
4	CHEMBL1085120-CHEMBL1084711	26	211	14	0	0.0	1.030276131075425e-08
5	CHEMBL1085409-CHEMBL1084711	26	211	14	1	0.0	2.053855396866311e-08
6	CHEMBL1085120-CHEMBL1085038	26	211	14	0	0.0	0.10950299352407455
7	CHEMBL1085120-CHEMBL1085409	26	211	14	1	0.0	5.634252175923393e-08
8	CHEMBL433946-CHEMBL443796	26	211	14	0	0.0	9.923634358699474e-09
