	ids	cid	#tr	#ac_tr	trueY	predY	prob	neighbor	distance
0	CHEMBL1083780-CHEMBL1085038	26	211	14	-1	-1	0.0	145	0.7391304347826086
1	CHEMBL1083780-CHEMBL1085409	26	211	14	-1	-1	0.0	159	0.7666666666666667
2	CHEMBL1085852-CHEMBL1083782	26	211	14	1	-1	0.0	2	0.30952380952380953
3	CHEMBL1085038-CHEMBL1084711	26	211	14	-1	-1	0.0	97	0.7647058823529411
4	CHEMBL1085120-CHEMBL1084711	26	211	14	-1	-1	0.0	184	0.6547619047619048
5	CHEMBL1085409-CHEMBL1084711	26	211	14	1	-1	0.0	62	0.7741935483870968
6	CHEMBL1085120-CHEMBL1085038	26	211	14	-1	-1	0.0	145	0.6
7	CHEMBL1085120-CHEMBL1085409	26	211	14	1	-1	0.0	162	0.7976744186046512
8	CHEMBL433946-CHEMBL443796	26	211	14	-1	-1	0.0	302	0.8681818181818182
