	ids	cid	#tr	#ac_tr	trueY	predY	prob	neighbor	distance
0	CHEMBL1651351-CHEMBL382971	106	197	12	1	1	1.0	270	0.8548387096774194
1	CHEMBL435913-CHEMBL199214	106	197	12	-1	-1	0.0	114	0.825
2	CHEMBL200203-CHEMBL200619	106	197	12	-1	-1	0.0	125	0.7777777777777778
3	CHEMBL200203-CHEMBL440035	106	197	12	-1	-1	0.0	221	0.7346938775510203
4	CHEMBL440035-CHEMBL200619	106	197	12	-1	-1	0.0	255	0.71875
5	CHEMBL213244-CHEMBL212907	106	197	12	-1	-1	0.0	148	0.8
6	CHEMBL435913-CHEMBL372410	106	197	12	-1	-1	0.0	114	0.8157894736842105
7	CHEMBL608115-CHEMBL3902105	106	197	12	1	1	1.0	270	0.33333333333333326
8	CHEMBL608115-CHEMBL3982135	106	197	12	1	1	1.0	270	0.6559139784946236
