	ids	cid	#tr	#ac_tr	trueY	predY	prob	neighbor	distance
0	CHEMBL1082508-CHEMBL1083481	6	196	11	1	1	1.0	108	0.6547619047619048
1	CHEMBL1085120-CHEMBL1082508	6	196	11	-1	-1	0.0	162	0.32558139534883723
2	CHEMBL1082508-CHEMBL1086113	6	196	11	-1	-1	0.0	215	0.8204334365325077
3	CHEMBL1082508-CHEMBL1086476	6	196	11	-1	-1	0.0	139	0.7751937984496124
4	CHEMBL1082510-CHEMBL1086476	6	196	11	-1	-1	0.0	127	0.8076923076923077
5	CHEMBL1085120-CHEMBL1083481	6	196	11	1	-1	0.0	105	0.7058823529411765
6	CHEMBL1086113-CHEMBL1083481	6	196	11	1	-1	0.0	91	0.9166666666666666
7	CHEMBL1084335-CHEMBL1086476	6	196	11	-1	-1	0.0	198	0.8378378378378378
8	CHEMBL1085120-CHEMBL1086113	6	196	11	-1	-1	0.0	203	0.84
