{"train_num": 10, "batch_size": 128, "agg_depth": 1, "cuda": true, "gamma": 0.1, "ConvNum": 2, "dropout": 0.15000000000000002, "dim": 90.0, "step_num": 1, "DNNLayerNum": 6, "lr": 0.00118589899639898, "step_size": 10, "grad_node": 15, "node_list": [90, 75, 60, 45, 30, 15, 1]}