{"train_num": 10, "batch_size": 128, "agg_depth": 1, "cuda": true, "gamma": 0.1, "ConvNum": 4, "dropout": 0.15000000000000002, "dim": 100.0, "step_num": 1, "DNNLayerNum": 8, "lr": 0.00048421345456021065, "step_size": 10, "grad_node": 12, "node_list": [100, 88, 76, 64, 52, 40, 28, 16, 1]}