{"train_num": 10, "batch_size": 128, "agg_depth": 1, "cuda": true, "gamma": 0.1, "ConvNum": 4, "dropout": 0.15000000000000002, "dim": 80.0, "step_num": 3, "DNNLayerNum": 3, "lr": 0.0001277895177877912, "step_size": 3, "grad_node": 26, "node_list": [80, 54, 28, 1]}