{"train_num": 50, "batch_size": 128, "agg_depth": 1, "cuda": true, "gamma": 0.1, "ConvNum": 4, "dropout": 0.15000000000000002, "dim": 70.0, "step_num": 1, "DNNLayerNum": 4, "lr": 0.0035293334764758414, "step_size": 50, "grad_node": 17, "node_list": [70, 53, 36, 19, 1]}