{"train_num": 10, "batch_size": 128, "agg_depth": 1, "cuda": true, "gamma": 0.1, "ConvNum": 3, "dropout": 0.15000000000000002, "dim": 80.0, "step_num": 1, "DNNLayerNum": 2, "lr": 0.0005721090606992241, "step_size": 10, "grad_node": 40, "node_list": [80, 40, 1]}