{"train_num": 10, "batch_size": 128, "agg_depth": 1, "cuda": true, "gamma": 0.1, "ConvNum": 3, "dropout": 0.15000000000000002, "dim": 80.0, "step_num": 3, "DNNLayerNum": 8, "lr": 0.0004048220097137606, "step_size": 3, "grad_node": 10, "node_list": [80, 70, 60, 50, 40, 30, 20, 10, 1]}