{"train_num": 10, "batch_size": 128, "agg_depth": 1, "cuda": true, "gamma": 0.1, "ConvNum": 2, "dropout": 0.15000000000000002, "dim": 70.0, "step_num": 2, "DNNLayerNum": 2, "lr": 0.00015915410634251997, "step_size": 5, "grad_node": 35, "node_list": [70, 35, 1]}