{"train_num": 50, "batch_size": 128, "agg_depth": 1, "cuda": true, "gamma": 0.1, "ConvNum": 2, "dropout": 0.15000000000000002, "dim": 100.0, "step_num": 1, "DNNLayerNum": 7, "lr": 0.00035815617615809765, "step_size": 50, "grad_node": 14, "node_list": [100, 86, 72, 58, 44, 30, 16, 1]}