	ids	loop	#tr	#ac_tr	trueY	predY	prob
0	CHEMBL1082508-CHEMBL1083481	6	196	11	1	0.0	0.3680947721004486
1	CHEMBL1085120-CHEMBL1082508	6	196	11	0	0.0	0.4584658741950989
2	CHEMBL1082508-CHEMBL1086113	6	196	11	0	0.0	0.4555574655532837
3	CHEMBL1082508-CHEMBL1086476	6	196	11	0	0.0	0.4002748429775238
4	CHEMBL1082510-CHEMBL1086476	6	196	11	0	0.0	0.3607374131679535
5	CHEMBL1085120-CHEMBL1083481	6	196	11	1	0.0	0.3578730523586273
6	CHEMBL1086113-CHEMBL1083481	6	196	11	1	0.0	0.35140860080718994
7	CHEMBL1084335-CHEMBL1086476	6	196	11	0	0.0	0.37262973189353943
8	CHEMBL1085120-CHEMBL1086113	6	196	11	0	0.0	0.43993446230888367
