	ids	loop	#tr	#ac_tr	trueY	predY	prob
0	CHEMBL1082508-CHEMBL1083481	6	196	11	1	0.0	0.3141377866268158
1	CHEMBL1085120-CHEMBL1082508	6	196	11	0	0.0	0.4140155613422394
2	CHEMBL1082508-CHEMBL1086113	6	196	11	0	0.0	0.40339353680610657
3	CHEMBL1082508-CHEMBL1086476	6	196	11	0	0.0	0.3417813777923584
4	CHEMBL1082510-CHEMBL1086476	6	196	11	0	0.0	0.3047161400318146
5	CHEMBL1085120-CHEMBL1083481	6	196	11	1	0.0	0.29570162296295166
6	CHEMBL1086113-CHEMBL1083481	6	196	11	1	0.0	0.28659388422966003
7	CHEMBL1084335-CHEMBL1086476	6	196	11	0	0.0	0.28750094771385193
8	CHEMBL1085120-CHEMBL1086113	6	196	11	0	0.0	0.376379132270813
