	ids	loop	#tr	#ac_tr	trueY	predY	prob
0	CHEMBL3103865-CHEMBL3103861	70	247	10	0	0.0	7.048339825115345e-17
1	CHEMBL3103868-CHEMBL3103861	70	247	10	1	1.0	0.950111448764801
2	CHEMBL3103868-CHEMBL3103865	70	247	10	1	0.0	2.0056660223974083e-15
3	CHEMBL3103868-CHEMBL3793267	70	247	10	1	1.0	0.9956977367401123
4	CHEMBL4450356-CHEMBL3648724	70	247	10	0	0.0	1.7695798981958583e-14
5	CHEMBL573702-CHEMBL572784	70	247	10	0	0.0	4.731713460703935e-29
6	CHEMBL573046-CHEMBL573702	70	247	10	0	0.0	1.6557097828235307e-24
7	CHEMBL576387-CHEMBL573463	70	247	10	0	0.0	4.270136139268525e-21
8	CHEMBL573475-CHEMBL573659	70	247	10	0	0.0	1.1528222820800238e-09
