	ids	loop	#tr	#ac_tr	trueY	predY	prob
0	CHEMBL1083780-CHEMBL1085038	26	211	14	0	0.0	0.005259499419480562
1	CHEMBL1083780-CHEMBL1085409	26	211	14	0	0.0	0.04218057915568352
2	CHEMBL1085852-CHEMBL1083782	26	211	14	1	0.0	0.00806703045964241
3	CHEMBL1085038-CHEMBL1084711	26	211	14	0	0.0	0.01339034829288721
4	CHEMBL1085120-CHEMBL1084711	26	211	14	0	0.0	0.011452697217464447
5	CHEMBL1085409-CHEMBL1084711	26	211	14	1	0.0	0.1428145319223404
6	CHEMBL1085120-CHEMBL1085038	26	211	14	0	0.0	0.011657442897558212
7	CHEMBL1085120-CHEMBL1085409	26	211	14	1	0.0	0.11455535143613815
8	CHEMBL433946-CHEMBL443796	26	211	14	0	1.0	0.8414445519447327
