	id	chembl_cid1	chembl_cid2	core	sub1	sub2	pot1	pot2	dpot	thres	class	core_id
1	CHEMBL2321918-CHEMBL2326014	CHEMBL2326014	CHEMBL2321918	[R1]c1cccc(n1)c2c3cccnc3[nH]n2	[R1]N1CCNCC1	[R1]N1CCNC(C1)C	6.279014255846262	6.473660722610156	0.1946464667638947	0.7857627484825023	-1	0.0
