	id	chembl_cid1	chembl_cid2	core	sub1	sub2	pot1	pot2	dpot	thres	class	core_id
0	CHEMBL278041-CHEMBL10	CHEMBL278041	CHEMBL10	[R1]c1[nH]c(c(n1)c2ccc(cc2)F)c3ccncc3	[R1]c1ccc(cc1)O	[R1]c1ccc(cc1)[S+](C)[O-]	6.292429823902062	6.376750709602098	0.0843208857000359	0.6054204249996823	-1	1.0
1	CHEMBL4245242-CHEMBL4248525	CHEMBL4245242	CHEMBL4248525	[R1]Oc1cccc(c1)CC(=O)Nc2nc(cs2)c3c[nH]c4c3cccn4	[R1]CCCC1CCNCC1	[R1]CCCN1CCN(CC1)C	5.823908740944319	6.180456064458131	0.3565473235138121	0.6054204249996823	-1	0.0
