	id	chembl_cid1	chembl_cid2	core	sub1	sub2	pot1	pot2	dpot	thres	class	core_id
0	CHEMBL3769414_CHEMBL3770459_CHEMBL3770759-CHEMBL3769489_CHEMBL3769817	CHEMBL3769489_CHEMBL3769817	CHEMBL3769414_CHEMBL3770459_CHEMBL3770759	[R1]c1ccc(cc1)Cn2c(c3c(n2)N4C5CCCC5N=C4N(C3=O)C)Nc6ccccc6	[R1]c1ccccn1	[R1]c1cccc(n1)F	5.086186147616283	5.522878745280337	0.4366925976640541	1.3185422491456236	-1	0.0
1	CHEMBL3770470-CHEMBL3769489_CHEMBL3769817	CHEMBL3770470	CHEMBL3769489_CHEMBL3769817	[R1]c1ccc(cc1)Cn2c(c3c(n2)N4C5CCCC5N=C4N(C3=O)C)Nc6ccccc6	[R1]c1ccccc1	[R1]c1ccccn1	4.481486060122113	5.086186147616283	0.6047000874941704	1.3185422491456236	-1	0.0
