	id	chembl_cid1	chembl_cid2	core	sub1	sub2	pot1	pot2	dpot	thres	class	core_id
0	CHEMBL3581647_CHEMBL4127310-CHEMBL1957266_CHEMBL2132936_CHEMBL3220211	CHEMBL1957266_CHEMBL2132936_CHEMBL3220211	CHEMBL3581647_CHEMBL4127310	[R1]C(=O)CC1c2nnc(n2-c3c(c(c(s3)C)C)C(=N1)c4ccc(cc4)Cl)C	[R1]OC(C)(C)C	[R1]Nc1ccc(cc1)O	7.126332945192047	8.005631362355599	0.8792984171635521	1.2895305437083862	-1	2.0
1	CHEMBL4217457-CHEMBL4208129	CHEMBL4217457	CHEMBL4208129	[R1]N1Cc2c[nH]c3c2c(cn(c3=O)C)-c4c1ccc(c4)CS(=O)(=O)C	[R1]c1ccc(cc1F)F	[R1]c1ccccn1	8.0	8.0	0.0	1.2895305437083862	-1	1.0
2	CHEMBL4455209_CHEMBL4549898-CHEMBL4517875_CHEMBL4557050	CHEMBL4517875_CHEMBL4557050	CHEMBL4455209_CHEMBL4549898	[R1]CC(COc1c(cc(cc1C)c2cc(=O)c3c(o2)cc(cc3OC)OC)C)O	[R1]N1CCN(CC1)C	[R1]N1CCCCC1	5.59891917504614	5.696755907262107	0.097836732215967	1.2895305437083862	-1	0.0
