	id	chembl_cid1	chembl_cid2	core	sub1	sub2	pot1	pot2	dpot	thres	class	core_id
0	CHEMBL3769414_CHEMBL3770459_CHEMBL3770759-CHEMBL3769489_CHEMBL3769817	CHEMBL3769489_CHEMBL3769817	CHEMBL3769414_CHEMBL3770459_CHEMBL3770759	[R1]c1ccc(cc1)Cn2c(c3c(n2)N4C5CCCC5N=C4N(C3=O)C)Nc6ccccc6	[R1]c1ccccn1	[R1]c1cccc(n1)F	5.585026652029182	5.886056647693162	0.3010299956639803	0.8448644117040248	-1	1.0
1	CHEMBL3769414_CHEMBL3770459_CHEMBL3770759-CHEMBL3770470	CHEMBL3770470	CHEMBL3769414_CHEMBL3770459_CHEMBL3770759	[R1]c1ccc(cc1)Cn2c(c3c(n2)N4C5CCCC5N=C4N(C3=O)C)Nc6ccccc6	[R1]c1ccccc1	[R1]c1cccc(n1)F	5.1487416512809245	5.886056647693162	0.7373149964122376	0.8448644117040248	-1	1.0
2	CHEMBL3769461-CHEMBL3770107	CHEMBL3770107	CHEMBL3769461	[R1]n1c(c2c(n1)N3C4CCCC4N=C3N(C2=O)C)Nc5ccccc5	[R1]Cc1ccc(nc1)C(F)(F)F	[R1]Cc1ccc(cc1)C(F)(F)F	4.142667503568732	4.5528419686577815	0.4101744650890495	0.8448644117040248	-1	0.0
3	CHEMBL3770470-CHEMBL3769489_CHEMBL3769817	CHEMBL3770470	CHEMBL3769489_CHEMBL3769817	[R1]c1ccc(cc1)Cn2c(c3c(n2)N4C5CCCC5N=C4N(C3=O)C)Nc6ccccc6	[R1]c1ccccc1	[R1]c1ccccn1	5.1487416512809245	5.585026652029182	0.4362850007482572	0.8448644117040248	-1	1.0
