	id	chembl_cid1	chembl_cid2	core	sub1	sub2	pot1	pot2	dpot	thres	class	core_id
0	CHEMBL383573-CHEMBL199450	CHEMBL383573	CHEMBL199450	[R1]c1ccc(cc1)CS(=O)(=O)C(C)(C)C(C(=O)N2CC(CC2C#N)F)N	[R1]OCc1ccccc1	[R1]c1ccccc1	4.690476290346886	5.015022873584506	0.3245465832376197	1.530980826093959	-1	1.0
1	CHEMBL372110-CHEMBL200186	CHEMBL372110	CHEMBL200186	[R1]SC(C)(C)C(C(=O)N1CC(CC1C#N)F)N	[R1]Cc1ccccn1	[R1]Cc1ccncc1	4.719512686238169	5.015022873584506	0.2955101873463368	1.530980826093959	-1	0.0
2	CHEMBL427193-CHEMBL200186	CHEMBL200186	CHEMBL427193	[R1]SC(C)(C)C(C(=O)N1CC(CC1C#N)F)N	[R1]Cc1ccncc1	[R1]CNC(=O)C	5.015022873584506	5.8941493256148565	0.8791264520303503	1.530980826093959	-1	0.0
