	id	chembl_cid1	chembl_cid2	core	sub1	sub2	pot1	pot2	dpot	thres	class	core_id
0	CHEMBL2426558-CHEMBL2426570	CHEMBL2426558	CHEMBL2426570	[R1]Oc1cc(ccc1OC)c2nc(c(s2)CCC)CSc3nc(cc(n3)N)N	[R1]CCF	[R1]CCO	8.823908740944319	9.30102999566398	0.4771212547196608	3.080795734360307	-1	1.0
1	CHEMBL2426573-CHEMBL2426558	CHEMBL2426558	CHEMBL2426573	[R1]Oc1cc(ccc1OC)c2nc(c(s2)CCC)CSc3nc(cc(n3)N)N	[R1]CCF	[R1]CC(C)(C)O	8.823908740944319	9.096910013008056	0.2730012720637376	3.080795734360307	-1	1.0
2	CHEMBL2426558-CHEMBL2426574	CHEMBL2426558	CHEMBL2426574	[R1]Oc1cc(ccc1OC)c2nc(c(s2)CCC)CSc3nc(cc(n3)N)N	[R1]CCF	[R1]CCNS(=O)(=O)C	8.823908740944319	9.30102999566398	0.4771212547196608	3.080795734360307	-1	1.0
3	CHEMBL2426570-CHEMBL2426567	CHEMBL2426567	CHEMBL2426570	[R1]Oc1ccc(cc1OCCO)c2nc(c(s2)CCC)CSc3nc(cc(n3)N)N	[R1]CCO	[R1]C	8.698970004336019	9.30102999566398	0.6020599913279607	3.080795734360307	-1	0.0
4	CHEMBL2426573-CHEMBL2426570	CHEMBL2426573	CHEMBL2426570	[R1]Oc1cc(ccc1OC)c2nc(c(s2)CCC)CSc3nc(cc(n3)N)N	[R1]CC(C)(C)O	[R1]CCO	9.096910013008056	9.30102999566398	0.2041199826559232	3.080795734360307	-1	1.0
5	CHEMBL2426574-CHEMBL2426570	CHEMBL2426574	CHEMBL2426570	[R1]Oc1cc(ccc1OC)c2nc(c(s2)CCC)CSc3nc(cc(n3)N)N	[R1]CCNS(=O)(=O)C	[R1]CCO	9.30102999566398	9.30102999566398	0.0	3.080795734360307	-1	1.0
6	CHEMBL2426573-CHEMBL2426574	CHEMBL2426573	CHEMBL2426574	[R1]Oc1cc(ccc1OC)c2nc(c(s2)CCC)CSc3nc(cc(n3)N)N	[R1]CC(C)(C)O	[R1]CCNS(=O)(=O)C	9.096910013008056	9.30102999566398	0.2041199826559232	3.080795734360307	-1	1.0
