	id	chembl_cid1	chembl_cid2	core	sub1	sub2	pot1	pot2	dpot	thres	class	core_id
0	CHEMBL4467848_CHEMBL4566104-CHEMBL4448538	CHEMBL4448538	CHEMBL4467848_CHEMBL4566104	[R1]c1cc(on1)c2c(ncc(n2)c3ccc(cc3)S(=O)(=O)C(C)C)N	[R1]c1ccc(cc1Cl)CNC	[R1]c1ccc(cc1)C(C)N	5.583359492661719	5.937340710938237	0.3539812182765178	0.6709894368035829	-1	0.0
1	CHEMBL4533440-CHEMBL4448538	CHEMBL4533440	CHEMBL4448538	[R1]c1cc(on1)c2c(ncc(n2)c3ccc(cc3)S(=O)(=O)C(C)C)N	[R1]c1ccc(cc1)CNCC	[R1]c1ccc(cc1Cl)CNC	5.4749551929631535	5.583359492661719	0.1084042996985656	0.6709894368035829	-1	0.0
2	CHEMBL4467848_CHEMBL4566104-CHEMBL4533440	CHEMBL4533440	CHEMBL4467848_CHEMBL4566104	[R1]c1cc(on1)c2c(ncc(n2)c3ccc(cc3)S(=O)(=O)C(C)C)N	[R1]c1ccc(cc1)CNCC	[R1]c1ccc(cc1)C(C)N	5.4749551929631535	5.937340710938237	0.4623855179750835	0.6709894368035829	-1	0.0
