	id	chembl_cid1	chembl_cid2	core	sub1	sub2	pot1	pot2	dpot	thres	class	core_id
0	CHEMBL3342606-CHEMBL3342607	CHEMBL3342606	CHEMBL3342607	[R1]Oc1cccc(c1)n2c(nc3ccc(cc3c2=O)C(=O)c4cnn(c4O)C)C	[R1]C	[R1]C(F)(F)F	7.468521082957745	7.508638306165728	0.0401172232079831	0.778719414920986	-1	1.0
1	CHEMBL3342612-CHEMBL3342613	CHEMBL3342613	CHEMBL3342612	[R1]Oc1ccc(cc1)n2c(nc3ccc(cc3c2=O)C(=O)c4cnn(c4O)C)C	[R1]C(F)(F)F	[R1]C	6.795880017344076	7.221848749616356	0.4259687322722802	0.778719414920986	-1	0.0
