	id	chembl_cid1	chembl_cid2	core	sub1	sub2	pot1	pot2	dpot	thres	class	core_id
0	CHEMBL3403528-CHEMBL104970_CHEMBL356792	CHEMBL104970_CHEMBL356792	CHEMBL3403528	[R1]C(=O)C(Cc1cccc(c1)C(=N)N)NS(=O)(=O)c2ccc3ccccc3c2	[R1]N1CCN(CC1)c2ccccc2	[R1]N1CCC(CC1)c2ccccc2	5.154901959985743	5.481486060122112	0.3265841001363689	0.3575889946085609	-1	6.0
1	CHEMBL3403532-CHEMBL3403528	CHEMBL3403532	CHEMBL3403528	[R1]NC(Cc1cccc(c1)C(=N)N)C(=O)N2CCC(CC2)c3ccccc3	[R1]S(=O)(=O)c1ccc(cc1)C	[R1]S(=O)(=O)c1ccc2ccccc2c1	5.327902142064282	5.481486060122112	0.15358391805783	0.3575889946085609	-1	5.0
2	CHEMBL404190_CHEMBL421643-CHEMBL3746517	CHEMBL404190_CHEMBL421643	CHEMBL3746517	[R1]CCCC(C(=O)c1nc2ccccc2s1)NC(=O)C(CC(C)C)NC(=O)C	[R1]N=C(N)N	[R1]NC(=N)N	8.471083299722345	8.536107011014094	0.0650237112917491	0.3575889946085609	-1	4.0
3	CHEMBL3780273-CHEMBL3780005	CHEMBL3780273	CHEMBL3780005	[R1]NC1CN(C(=O)N(C1)c2cccc(c2)C(=N)N)CC3CCN(CC3)Cc4ccccc4	[R1]S(=O)(=O)C	[R1]S(=O)(=O)c1ccccc1	6.142667503568732	6.173925197299173	0.0312576937304411	0.3575889946085609	-1	3.0
4	CHEMBL3780548-CHEMBL3780005	CHEMBL3780548	CHEMBL3780005	[R1]NC1CN(C(=O)N(C1)c2cccc(c2)C(=N)N)CC3CCN(CC3)Cc4ccccc4	[R1]C(=O)Cc1ccccc1	[R1]S(=O)(=O)c1ccccc1	5.950781977329817	6.173925197299173	0.2231432199693559	0.3575889946085609	-1	3.0
5	CHEMBL3780434-CHEMBL3780036	CHEMBL3780434	CHEMBL3780036	[R1]OCC1CN(C(=O)N(C1)c2cccc(c2)C(=N)N)CC3CCN(CC3)Cc4ccccc4	[R1]C	[R1]Cc1ccccc1	6.036212172654443	6.251811972993798	0.2155998003393557	0.3575889946085609	-1	2.0
6	CHEMBL3780039-CHEMBL3780277	CHEMBL3780039	CHEMBL3780277	[R1]N1CC(CN(C1=O)C2CCN(CC2)Cc3ccccc3)C	[R1]Cc1ccc(cc1)C(=N)N	[R1]Cc1cccc(c1)C(=N)N	4.681936665037238	4.82102305270683	0.1390863876695922	0.3575889946085609	-1	1.0
7	CHEMBL3781626-CHEMBL3780208	CHEMBL3781626	CHEMBL3780208	[R1]OC1CN(C(=O)N(C1)c2cccc(c2)C(=N)N)CC3CCN(CC3)Cc4ccccc4	[R1]C	[R1]Cc1ccccc1	6.1191864077192095	6.1191864077192095	0.0	0.3575889946085609	-1	0.0
8	CHEMBL3780548-CHEMBL3780273	CHEMBL3780548	CHEMBL3780273	[R1]NC1CN(C(=O)N(C1)c2cccc(c2)C(=N)N)CC3CCN(CC3)Cc4ccccc4	[R1]C(=O)Cc1ccccc1	[R1]S(=O)(=O)C	5.950781977329817	6.142667503568732	0.1918855262389147	0.3575889946085609	-1	3.0
