	id	chembl_cid1	chembl_cid2	core	sub1	sub2	pot1	pot2	dpot	thres	class	core_id
0	CHEMBL1083151-CHEMBL1083152	CHEMBL1083152	CHEMBL1083151	[R1]c1ccnc(n1)Nc2cc(c(c(c2)OC)OC)OC	[R1]c1c(nc(s1)NC)C	[R1]c1c(nc(s1)C)C	8.522878745280337	8.698970004336019	0.1760912590556813	2.395912809221341	-1	4.0
1	CHEMBL1083151-CHEMBL1086088	CHEMBL1086088	CHEMBL1083151	[R1]c1ccnc(n1)Nc2cc(c(c(c2)OC)OC)OC	[R1]c1c(nc(s1)NCC)C	[R1]c1c(nc(s1)C)C	8.221848749616356	8.698970004336019	0.4771212547196626	2.395912809221341	-1	4.0
2	CHEMBL1083152-CHEMBL1086088	CHEMBL1086088	CHEMBL1083152	[R1]Nc1nc(c(s1)c2ccnc(n2)Nc3cc(c(c(c3)OC)OC)OC)C	[R1]CC	[R1]C	8.221848749616356	8.522878745280337	0.3010299956639812	2.395912809221341	-1	3.0
3	CHEMBL215275-CHEMBL217804	CHEMBL217804	CHEMBL215275	[R1]N(CCCOc1cc2c(cc1OC)c(ncn2)Nc3cc([nH]n3)CC(=O)Nc4cccc(c4)F)CCO	[R1]CCC	[R1]CC	8.698970004336019	9.0	0.3010299956639812	2.395912809221341	-1	2.0
4	CHEMBL215275-CHEMBL424899	CHEMBL215275	CHEMBL424899	[R1]CCCOc1cc2c(cc1OC)c(ncn2)Nc3cc([nH]n3)CC(=O)Nc4cccc(c4)F	[R1]N(CC)CCO	[R1]N1CCCC1CO	9.0	9.0	0.0	2.395912809221341	-1	1.0
5	CHEMBL217804-CHEMBL424899	CHEMBL217804	CHEMBL424899	[R1]CCCOc1cc2c(cc1OC)c(ncn2)Nc3cc([nH]n3)CC(=O)Nc4cccc(c4)F	[R1]N(CCC)CCO	[R1]N1CCCC1CO	8.698970004336019	9.0	0.3010299956639812	2.395912809221341	-1	1.0
6	CHEMBL2441284-CHEMBL2441283	CHEMBL2441284	CHEMBL2441283	[R1]c1nc(cc(n1)Nc2ncc(s2)Cc3ccccc3)C(c4ccc(cc4)F)(F)F	[R1]N1CCCC1C(=O)N	[R1]NC1CCC(CC1)O	5.4999996786570655	8.299988937677888	2.799989259020822	2.395912809221341	1	0.0
7	CHEMBL424899-CHEMBL386253	CHEMBL424899	CHEMBL386253	[R1]CCCOc1cc2c(cc1OC)c(ncn2)Nc3cc([nH]n3)CC(=O)Nc4cccc(c4)F	[R1]N1CCCC1CO	[R1]NCCO	9.0	9.0	0.0	2.395912809221341	-1	1.0
