	id	chembl_cid1	chembl_cid2	core	sub1	sub2	pot1	pot2	dpot	thres	class	core_id
0	CHEMBL210740-CHEMBL211018	CHEMBL211018	CHEMBL210740	[R1]c1cc(cnc1)OCC(Cc2ccc3ccccc3c2)N	[R1]c1ccc2cnccc2c1	[R1]c1ccc2c(c1)c(n[nH]2)C	8.455931955649724	8.494850021680094	0.0389180660303694	1.6327606161695074	-1	2.0
1	CHEMBL263510-CHEMBL211865	CHEMBL211865	CHEMBL263510	[R1]c1cc(cnc1)OCC(Cc2csc3c2cccc3)N	[R1]c1ccc2cnccc2c1	[R1]c1ccc2c(c1)c(n[nH]2)C	7.195860567664648	8.180456064458129	0.9845954967934808	1.6327606161695074	-1	1.0
2	CHEMBL379868-CHEMBL437122	CHEMBL379868	CHEMBL437122	[R1]c1cc(cnc1)OCC(Cc2cc3ccccc3nc2)N	[R1]c1ccc2c(c1)c(n[nH]2)C	[R1]c1ccc2cnccc2c1	6.732828271596986	7.070581074285707	0.3377528026887209	1.6327606161695074	-1	0.0
