	id	chembl_cid1	chembl_cid2	core	sub1	sub2	pot1	pot2	dpot	thres	class	core_id
0	CHEMBL2204983-CHEMBL2204984	CHEMBL2204983	CHEMBL2204984	[R1]N1CCC(CC1)n2c(c(cn2)COc3ccc(cc3)n4cnnn4)C#N	[R1]C(=O)OC1(CC1)C	[R1]c1ncc(cn1)CC	7.525783735923746	7.826813731587727	0.3010299956639812	0.732040212001148	-1	3.0
1	CHEMBL2204983-CHEMBL2204986	CHEMBL2204986	CHEMBL2204983	[R1]OCc1cnn(c1C#N)C2CCN(CC2)C(=O)OC3(CC3)C	[R1]c1ccc(cc1F)C#N	[R1]c1ccc(cc1)n2cnnn2	7.437707135543525	7.525783735923746	0.0880766003802202	0.732040212001148	-1	2.0
2	CHEMBL2204984-CHEMBL2204985	CHEMBL2204984	CHEMBL2204985	[R1]OCc1cnn(c1C#N)C2CCN(CC2)c3ncc(cn3)CC	[R1]c1ccc(cc1)n2cnnn2	[R1]c1ccc(cc1F)C#N	7.826813731587727	8.033858267260968	0.2070445356732406	0.732040212001148	-1	1.0
3	CHEMBL2204986-CHEMBL2204985	CHEMBL2204986	CHEMBL2204985	[R1]N1CCC(CC1)n2c(c(cn2)COc3ccc(cc3F)C#N)C#N	[R1]C(=O)OC1(CC1)C	[R1]c1ncc(cn1)CC	7.437707135543525	8.033858267260968	0.5961511317174422	0.732040212001148	-1	0.0
