	id	chembl_cid1	chembl_cid2	core	sub1	sub2	pot1	pot2	dpot	thres	class	core_id
0	CHEMBL107528-CHEMBL106423	CHEMBL107528	CHEMBL106423	[R1]NC(=N)NCCCC(C(=O)O)N	[R1]CCC	[R1]CCC=C	4.045757490560675	4.2441251443275085	0.1983676537668337	1.39055966629375	-1	0.0
1	CHEMBL197234-CHEMBL106423	CHEMBL106423	CHEMBL197234	[R1]NC(=N)NCCCC(C(=O)O)N	[R1]CCC=C	[R1]CC#C	4.2441251443275085	4.769551078621727	0.5254259342942182	1.39055966629375	-1	0.0
2	CHEMBL106423-CHEMBL366222	CHEMBL106423	CHEMBL366222	[R1]NC(=N)NCCCC(C(=O)O)N	[R1]CCC=C	[R1]CCOC	4.2441251443275085	4.886056647693163	0.6419315033656545	1.39055966629375	-1	0.0
3	CHEMBL197234-CHEMBL107528	CHEMBL107528	CHEMBL197234	[R1]NC(=N)NCCCC(C(=O)O)N	[R1]CCC	[R1]CC#C	4.045757490560675	4.769551078621727	0.723793588061052	1.39055966629375	-1	0.0
4	CHEMBL107528-CHEMBL366222	CHEMBL107528	CHEMBL366222	[R1]NC(=N)NCCCC(C(=O)O)N	[R1]CCC	[R1]CCOC	4.045757490560675	4.886056647693163	0.8402991571324883	1.39055966629375	-1	0.0
5	CHEMBL197234-CHEMBL366222	CHEMBL197234	CHEMBL366222	[R1]NC(=N)NCCCC(C(=O)O)N	[R1]CC#C	[R1]CCOC	4.769551078621727	4.886056647693163	0.1165055690714362	1.39055966629375	-1	0.0
