	id	chembl_cid1	chembl_cid2	core	sub1	sub2	pot1	pot2	dpot	thres	class	core_id
0	CHEMBL201092-CHEMBL201039	CHEMBL201039	CHEMBL201092	[R1]Oc1ccc(cc1)NC(=NCCCn2ccnc2)S	[R1]CC	[R1]C	6.0506099933550885	6.154901959985742	0.1042919666306536	0.6100659776680832	-1	2.0
1	CHEMBL201039-CHEMBL382643	CHEMBL382643	CHEMBL201039	[R1]c1ccc(cc1)NC(=NCCCn2ccnc2)S	[R1]SC	[R1]OCC	5.779891911959945	6.0506099933550885	0.2707180813951435	0.6100659776680832	-1	1.0
2	CHEMBL201092-CHEMBL382643	CHEMBL382643	CHEMBL201092	[R1]c1ccc(cc1)NC(=NCCCn2ccnc2)S	[R1]SC	[R1]OC	5.779891911959945	6.154901959985742	0.3750100480257972	0.6100659776680832	-1	1.0
3	CHEMBL201207-CHEMBL201374	CHEMBL201207	CHEMBL201374	[R1]N=C(NCCCn1ccnc1)S	[R1]C(C)C	[R1]CCC	4.94692155651658	5.332547047110047	0.3856254905934673	0.6100659776680832	-1	0.0
4	CHEMBL202763-CHEMBL201207	CHEMBL202763	CHEMBL201207	[R1]N=C(NCCCn1ccnc1)S	[R1]C	[R1]C(C)C	4.885389015767827	4.94692155651658	0.061532540748753	0.6100659776680832	-1	0.0
5	CHEMBL203033-CHEMBL201207	CHEMBL203033	CHEMBL201207	[R1]N=C(NCCCn1ccnc1)S	[R1]C(C)(C)C	[R1]C(C)C	4.832092189998519	4.94692155651658	0.1148293665180606	0.6100659776680832	-1	0.0
6	CHEMBL202763-CHEMBL201374	CHEMBL202763	CHEMBL201374	[R1]N=C(NCCCn1ccnc1)S	[R1]C	[R1]CCC	4.885389015767827	5.332547047110047	0.4471580313422203	0.6100659776680832	-1	0.0
7	CHEMBL203033-CHEMBL201374	CHEMBL203033	CHEMBL201374	[R1]N=C(NCCCn1ccnc1)S	[R1]C(C)(C)C	[R1]CCC	4.832092189998519	5.332547047110047	0.5004548571115279	0.6100659776680832	-1	0.0
8	CHEMBL202763-CHEMBL203033	CHEMBL203033	CHEMBL202763	[R1]N=C(NCCCn1ccnc1)S	[R1]C(C)(C)C	[R1]C	4.832092189998519	4.885389015767827	0.0532968257693076	0.6100659776680832	-1	0.0
