	id	chembl_cid1	chembl_cid2	core	sub1	sub2	pot1	pot2	dpot	thres	class	core_id
0	CHEMBL249151-CHEMBL248552	CHEMBL249151	CHEMBL248552	[R1]c1cc(nn1c2ccc(cc2)OC)CC(c3cccc(c3)OC)C(=O)O	[R1]c1ccc(cc1)C	[R1]c1ccc(cc1)Cl	7.599980364934843	7.599980364934843	0.0	0.0	-1	7.0
1	CHEMBL249153-CHEMBL248752	CHEMBL249153	CHEMBL248752	[R1]c1cc(nn1c2ccc(cc2)OC)CC(c3ccc(cc3)OC)C(=O)O	[R1]c1ccc(cc1)C	[R1]c1ccc(cc1)Cl	7.599980364934843	7.599980364934843	0.0	0.0	-1	6.0
2	CHEMBL249560-CHEMBL248754	CHEMBL249560	CHEMBL248754	[R1]c1cc(nn1c2ccc(cc2)OC)CC(c3ccc(cc3)C)C(=O)O	[R1]c1ccc(cc1)C	[R1]c1ccc(cc1)Cl	7.599980364934843	7.599980364934843	0.0	0.0	-1	5.0
3	CHEMBL249763-CHEMBL248948	CHEMBL249763	CHEMBL248948	[R1]c1cc(nn1c2ccc(cc2)OC)CC(c3ccccc3)C(=O)O	[R1]c1ccc(cc1)C	[R1]c1ccc(cc1)Cl	7.599980364934843	7.599980364934843	0.0	0.0	-1	4.0
4	CHEMBL248949-CHEMBL399915	CHEMBL248949	CHEMBL399915	[R1]c1cc(nn1c2ccc(cc2)OC)CC(c3cccc(c3)Cl)C(=O)O	[R1]c1ccc(cc1)C	[R1]c1ccc(cc1)Cl	7.599980364934843	7.599980364934843	0.0	0.0	-1	3.0
5	CHEMBL248950-CHEMBL400670	CHEMBL248950	CHEMBL400670	[R1]c1cc(nn1c2ccc(cc2)OC)CC(c3ccccc3OC)C(=O)O	[R1]c1ccc(cc1)C	[R1]c1ccc(cc1)Cl	7.599980364934843	7.599980364934843	0.0	0.0	-1	2.0
6	CHEMBL249361-CHEMBL399055	CHEMBL249361	CHEMBL399055	[R1]c1cc(nn1c2ccc(cc2)OC)CC(c3cccc(c3)C)C(=O)O	[R1]c1ccc(cc1)C	[R1]c1ccc(cc1)Cl	7.599980364934843	7.599980364934843	0.0	0.0	-1	1.0
7	CHEMBL399056-CHEMBL250576	CHEMBL399056	CHEMBL250576	[R1]c1cc(nn1c2ccc(cc2)OC)CC(c3ccc(cc3)Cl)C(=O)O	[R1]c1ccc(cc1)C	[R1]c1ccc(cc1)Cl	7.599980364934843	7.599980364934843	0.0	0.0	-1	0.0
