	id	chembl_cid1	chembl_cid2	core	sub1	sub2	pot1	pot2	dpot	thres	class	core_id
0	CHEMBL3590099-CHEMBL3590103	CHEMBL3590099	CHEMBL3590103	[R1]n1cc(nn1)COC2C(C(OC(C2O)OC)CO)O	[R1]C(C(C)O)C(=O)O	[R1]C(CC(=O)O)C(=O)O	4.0545314148681815	4.9546770212133415	0.90014560634516	1.760816357668701	-1	0.0
1	CHEMBL3590103-CHEMBL3590102	CHEMBL3590103	CHEMBL3590102	[R1]n1cc(nn1)COC2C(C(OC(C2O)OC)CO)O	[R1]C(CC(=O)O)C(=O)O	[R1]C(CCCCN)C(=O)O	4.9546770212133415	5.341035157335566	0.3863581361222241	1.760816357668701	-1	0.0
