	id	chembl_cid1	chembl_cid2	core	sub1	sub2	pot1	pot2	dpot	thres	class	core_id
0	CHEMBL236547_CHEMBL3235131-CHEMBL608688_CHEMBL609577	CHEMBL236547_CHEMBL3235131	CHEMBL608688_CHEMBL609577	[R1]C(Cc1cn(cn1)CCC)C(=O)O	[R1]NCCN	[R1]OCCN	5.935542010773082	6.623423042943487	0.687881032170405	1.387735298703194	-1	2.0
1	CHEMBL601926-CHEMBL589645	CHEMBL601926	CHEMBL589645	[R1]OC(Cc1cn(cn1)c2ccccc2)C(=O)O	[R1]C(C)CN	[R1]CCN	6.619788758288393	7.568636235841013	0.9488474775526204	1.387735298703194	-1	1.0
2	CHEMBL608688_CHEMBL609577-CHEMBL590859	CHEMBL590859	CHEMBL608688_CHEMBL609577	[R1]n1cc(nc1)CC(C(=O)O)OCCN	[R1]CCCC	[R1]CCC	6.443697499232713	6.623423042943487	0.1797255437107736	1.387735298703194	-1	0.0
