	id	chembl_cid1	chembl_cid2	core	sub1	sub2	pot1	pot2	dpot	thres	class	core_id
0	CHEMBL4228824-CHEMBL4553352	CHEMBL4228824	CHEMBL4553352	[R1]C(=O)c1c2n(cn1)-c3ccc(cc3C(=NC2C)c4ccccc4F)C#C	[R1]NC	[R1]NC1CC1	6.070581074285707	6.2660007134616125	0.1954196391759053	3.3254763956265	-1	0.0
