	id	chembl_cid1	chembl_cid2	core	sub1	sub2	pot1	pot2	dpot	thres	class	core_id
0	CHEMBL1614712-CHEMBL399021	CHEMBL1614712	CHEMBL399021	[R1]CC1CC(C1)n2cc(c3c2ncnc3N)c4cccc(c4)OCc5ccccc5	[R1]N1CCC1	[R1]N1CCCC1	6.5301779840218375	7.079876673709276	0.549698689687439	1.7892547269745105	-1	1.0
1	CHEMBL3037908-CHEMBL3037910	CHEMBL3037910	CHEMBL3037908	[R1]Oc1cc(nc2c1ccc(c2)c3c4c(nccn4c(n3)C5CC(C5)(C)O)N)c6ccccc6	[R1]C(C)C	[R1]C	7.085762652232258	7.861066059743076	0.775303407510818	1.7892547269745105	-1	0.0
