	id	chembl_cid1	chembl_cid2	core	sub1	sub2	pot1	pot2	dpot	thres	class	core_id
0	CHEMBL206040-CHEMBL210615	CHEMBL210615	CHEMBL206040	[R1]n1c2c(cc(cc2Br)S(=O)(=O)C)c3c1C(CC3)CC(=O)O	[R1]Cc1cccc(c1)Cl	[R1]Cc1ccc(cc1)Cl	8.455931955649724	8.769551078621726	0.3136191229720015	0.8507771779261168	-1	1.0
1	CHEMBL208082-CHEMBL378151	CHEMBL378151	CHEMBL208082	[R1]C(=O)c1cccc2c1n(c3c2CCCC3CC(=O)O)Cc4ccc(cc4)Cl	[R1]Nc1ccccc1	[R1]N(C)C	6.958607314841776	7.552841968657781	0.5942346538160042	0.8507771779261168	-1	0.0
