	id	chembl_cid1	chembl_cid2	core	sub1	sub2	pot1	pot2	dpot	thres	class	core_id
0	CHEMBL2035874-CHEMBL511862	CHEMBL511862	CHEMBL2035874	[R1]Nc1cc(c(c(c1)Br)Oc2ccc(c(c2)C(C)C)O)Br	[R1]CP(=O)(O)O	[R1]C(=O)CC(=O)O	7.987162775294827	8.017728766960431	0.030565991665604	3.272458656013495	-1	5.0
1	CHEMBL2035875-CHEMBL505084	CHEMBL505084	CHEMBL2035875	[R1]Nc1cc(c(c(c1)C)Oc2ccc(c(c2)C(C)C)O)C	[R1]C(=O)P(=O)(O)O	[R1]C(=O)CC(=O)O	6.54515513999149	6.832682665251824	0.2875275252603346	3.272458656013495	-1	4.0
2	CHEMBL2035878-CHEMBL2035883	CHEMBL2035883	CHEMBL2035878	[R1]Nc1cc(c(c2c1CCC2)Oc3ccc(c(c3)C(C)C)O)C	[R1]S(=O)(=O)CC(=O)O	[R1]C(=O)CC(=O)O	5.904481957676849	6.764471553092451	0.8599895954156027	3.272458656013495	-1	3.0
3	CHEMBL511862-CHEMBL457527	CHEMBL457527	CHEMBL511862	[R1]c1cc(c(c(c1)Br)Oc2ccc(c(c2)C(C)C)O)Br	[R1]OCP(=O)(O)O	[R1]NCP(=O)(O)O	7.730487055782085	7.987162775294827	0.2566757195127422	3.272458656013495	-1	2.0
4	CHEMBL457529-CHEMBL458784	CHEMBL457529	CHEMBL458784	[R1]c1cc(c(c(c1)C)Oc2ccc(c(c2)C(C)C)O)C	[R1]OCP(=O)(O)O	[R1]SCP(=O)(O)O	6.73754891026957	6.844663962534938	0.1071150522653674	3.272458656013495	-1	1.0
5	CHEMBL485758-CHEMBL471488	CHEMBL471488	CHEMBL485758	[R1]c1cc(c(c(c1)C)Cc2ccc(c(c2)C(C)C)O)C	[R1]OCP(=O)(O)O	[R1]NCP(=O)(O)O	7.453457336521868	7.546681659952962	0.0932243234310936	3.272458656013495	-1	0.0
