	id	chembl_cid1	chembl_cid2	core	sub1	sub2	pot1	pot2	dpot	thres	class	core_id
0	CHEMBL1436585-CHEMBL1435542	CHEMBL1436585	CHEMBL1435542	[R1]Nc1c2cc(ccc2ncn1)c3ccc4c(c3)OCO4	[R1]CC1CCOC1	[R1]Cc1csc(n1)C	6.508638306165728	6.552841968657781	0.0442036624920527	0.0838989856258318	-1	1.0
1	CHEMBL1474834-CHEMBL1436585	CHEMBL1474834	CHEMBL1436585	[R1]c1c2cc(ccc2ncn1)c3ccc4c(c3)OCO4	[R1]N(C)Cc1csc(n1)C	[R1]NCC1CCOC1	6.443697499232713	6.508638306165728	0.0649408069330146	0.0838989856258318	-1	0.0
