	id	chembl_cid1	chembl_cid2	core	sub1	sub2	pot1	pot2	dpot	thres	class	core_id
0	CHEMBL76-CHEMBL1535	CHEMBL1535	CHEMBL76	[R1]N(CC)CCCC(C)Nc1ccnc2c1ccc(c2)Cl	[R1]CCO	[R1]CC	5.320000083770781	5.480000159330324	0.1600000755595427	0.619358556815301	-1	1.0
1	CHEMBL386983-CHEMBL216927_CHEMBL553058	CHEMBL216927_CHEMBL553058	CHEMBL386983	[R1]OCCOCCOCCOCCOc1c(nsn1)C2=CCCN(C2)C	[R1]c1c(nsn1)OC	[R1]CCOc1c(nsn1)OC	6.799998134593397	7.199970640755867	0.3999725061624692	0.619358556815301	-1	0.0
