	id	chembl_cid1	chembl_cid2	core	sub1	sub2	pot1	pot2	dpot	thres	class	core_id
0	CHEMBL109847-CHEMBL109581	CHEMBL109847	CHEMBL109581	[R1]Oc1cc2c(cc1C(=CC=CC(=CC(=O)O)C)C)C(CCC2(C)C)(C)C	[R1]CC	[R1]CCC	5.5880437620695975	5.746904414150968	0.1588606520813709	1.4275880147711892	-1	0.0
1	CHEMBL111589-CHEMBL109581	CHEMBL109581	CHEMBL111589	[R1]Oc1cc2c(cc1C(=CC=CC(=CC(=O)O)C)C)C(CCC2(C)C)(C)C	[R1]CCC	[R1]C	5.746904414150968	6.514278573518419	0.767374159367451	1.4275880147711892	-1	0.0
2	CHEMBL111589-CHEMBL109847	CHEMBL109847	CHEMBL111589	[R1]Oc1cc2c(cc1C(=CC=CC(=CC(=O)O)C)C)C(CCC2(C)C)(C)C	[R1]CC	[R1]C	5.5880437620695975	6.514278573518419	0.926234811448822	1.4275880147711892	-1	0.0
