	id	chembl_cid1	chembl_cid2	core	sub1	sub2	pot1	pot2	dpot	thres	class	core_id
0	CHEMBL107400-CHEMBL447378	CHEMBL447378	CHEMBL107400	[R1]Oc1cc(c(c(c1)C)Cc2ccc(c(c2)C(C)C)O)C	[R1]CCP(=O)(O)O	[R1]CC(=O)O	7.060480747381384	9.731273342005371	2.670792594623987	2.58415323762588	1	0.0
1	CHEMBL2035874-CHEMBL511862	CHEMBL511862	CHEMBL2035874	[R1]Nc1cc(c(c(c1)Br)Oc2ccc(c(c2)C(C)C)O)Br	[R1]CP(=O)(O)O	[R1]C(=O)CC(=O)O	8.821023052706831	9.366531544420411	0.54550849171358	2.58415323762588	-1	6.0
2	CHEMBL2035875-CHEMBL505084	CHEMBL505084	CHEMBL2035875	[R1]Nc1cc(c(c(c1)C)Oc2ccc(c(c2)C(C)C)O)C	[R1]C(=O)P(=O)(O)O	[R1]C(=O)CC(=O)O	7.443697499232713	8.0	0.5563025007672868	2.58415323762588	-1	5.0
3	CHEMBL2035881-CHEMBL2035878	CHEMBL2035878	CHEMBL2035881	[R1]Nc1cc(c(c2c1CCC2)Oc3ccc(c(c3)C(C)C)O)C	[R1]C(=O)CC(=O)O	[R1]C(=O)C(=O)O	8.10790539730952	8.586700235918746	0.4787948386092271	2.58415323762588	-1	4.0
4	CHEMBL485758-CHEMBL447378	CHEMBL447378	CHEMBL485758	[R1]c1cc(c(c(c1)C)Cc2ccc(c(c2)C(C)C)O)C	[R1]OCCP(=O)(O)O	[R1]NCP(=O)(O)O	7.060480747381384	8.040958607678906	0.9804778602975216	2.58415323762588	-1	3.0
5	CHEMBL511862-CHEMBL457527	CHEMBL457527	CHEMBL511862	[R1]c1cc(c(c(c1)Br)Oc2ccc(c(c2)C(C)C)O)Br	[R1]OCP(=O)(O)O	[R1]NCP(=O)(O)O	8.600326278518963	8.821023052706831	0.2206967741878678	2.58415323762588	-1	2.0
6	CHEMBL457529-CHEMBL458784	CHEMBL458784	CHEMBL457529	[R1]c1cc(c(c(c1)C)Oc2ccc(c(c2)C(C)C)O)C	[R1]SCP(=O)(O)O	[R1]OCP(=O)(O)O	7.375717904164333	7.595166283380061	0.219448379215728	2.58415323762588	-1	1.0
7	CHEMBL485758-CHEMBL471488	CHEMBL485758	CHEMBL471488	[R1]c1cc(c(c(c1)C)Cc2ccc(c(c2)C(C)C)O)C	[R1]NCP(=O)(O)O	[R1]OCP(=O)(O)O	8.040958607678906	8.530177984021838	0.4892193763429322	2.58415323762588	-1	3.0
