	id	chembl_cid1	chembl_cid2	core	sub1	sub2	pot1	pot2	dpot	thres	class	core_id
0	CHEMBL185288-CHEMBL4640475	CHEMBL4640475	CHEMBL185288	[R1]c1[nH]c2cccc(c2n1)C(=O)N	[R1]c1cncnc1	[R1]c1cccnc1	4.622875957653544	5.086716098239581	0.4638401405860373	3.638971059541652	-1	2.0
1	CHEMBL4649365-CHEMBL4632420	CHEMBL4649365	CHEMBL4632420	[R1]C(=O)c1cccc2c1nc([nH]2)c3ccncc3	[R1]N(C)C	[R1]OC	4.711750774428014	4.80576325127617	0.0940124768481567	3.638971059541652	-1	1.0
2	CHEMBL4637286-CHEMBL4638916	CHEMBL4638916	CHEMBL4637286	[R1]C(=O)c1ccc2c(c1)nc([nH]2)c3ccncc3	[R1]OCC	[R1]N	4.676747899828314	5.090979145788844	0.4142312459605302	3.638971059541652	-1	0.0
