	id	chembl_cid1	chembl_cid2	core	sub1	sub2	pot1	pot2	dpot	thres	class	core_id
0	CHEMBL76-CHEMBL1535	CHEMBL1535	CHEMBL76	[R1]N(CC)CCCC(C)Nc1ccnc2c1ccc(c2)Cl	[R1]CCO	[R1]CC	4.1399999760652255	4.499999953328897	0.359999977263671	0.984652812449628	-1	4.0
1	CHEMBL611-CHEMBL1558_CHEMBL2	CHEMBL611	CHEMBL1558_CHEMBL2	[R1]N1CCN(CC1)c2nc3cc(c(cc3c(n2)N)OC)OC	[R1]C(=O)C1CCCO1	[R1]C(=O)c1ccco1	6.3788237182249645	6.437707135543525	0.0588834173185608	0.984652812449628	-1	3.0
2	CHEMBL2413154-CHEMBL2413153	CHEMBL2413154	CHEMBL2413153	[R1]Oc1ccccc1N2CCN(CC2)CCCCn3c(=O)n(c(=O)cn3)C	[R1]C	[R1]CCF	6.623423042943487	7.250263684430939	0.6268406414874521	0.984652812449628	-1	2.0
3	CHEMBL419316-CHEMBL328114	CHEMBL419316	CHEMBL328114	[R1]=CCN1CCN(CC1)CC2C3COc4cc(c(cc4C3=NO2)OC)OC	[R1]=C(C)c1ccccc1	[R1]=Cc1ccccc1	7.853871964321763	7.853871964321763	0.0	0.984652812449628	-1	1.0
4	CHEMBL91157-CHEMBL328114	CHEMBL328114	CHEMBL91157	[R1]N1CCN(CC1)CC2C3COc4cc(c(cc4C3=NO2)OC)OC	[R1]CC=Cc1ccccc1	[R1]CC(=Cc1ccccc1)C	7.853871964321763	8.522878745280337	0.6690067809585747	0.984652812449628	-1	0.0
5	CHEMBL328114-CHEMBL92860	CHEMBL328114	CHEMBL92860	[R1]N1CCN(CC1)CC2C3COc4cc(c(cc4C3=NO2)OC)OC	[R1]CC=Cc1ccccc1	[R1]Cc1ccc2ccccc2c1	7.853871964321763	7.853871964321763	0.0	0.984652812449628	-1	0.0
6	CHEMBL91157-CHEMBL419316	CHEMBL419316	CHEMBL91157	[R1]N1CCN(CC1)CC2C3COc4cc(c(cc4C3=NO2)OC)OC	[R1]CC=C(C)c1ccccc1	[R1]CC(=Cc1ccccc1)C	7.853871964321763	8.522878745280337	0.6690067809585747	0.984652812449628	-1	0.0
7	CHEMBL419316-CHEMBL92860	CHEMBL419316	CHEMBL92860	[R1]N1CCN(CC1)CC2C3COc4cc(c(cc4C3=NO2)OC)OC	[R1]CC=C(C)c1ccccc1	[R1]Cc1ccc2ccccc2c1	7.853871964321763	7.853871964321763	0.0	0.984652812449628	-1	0.0
8	CHEMBL91157-CHEMBL92860	CHEMBL92860	CHEMBL91157	[R1]N1CCN(CC1)CC2C3COc4cc(c(cc4C3=NO2)OC)OC	[R1]Cc1ccc2ccccc2c1	[R1]CC(=Cc1ccccc1)C	7.853871964321763	8.522878745280337	0.6690067809585747	0.984652812449628	-1	0.0
