	id	chembl_cid1	chembl_cid2	core	sub1	sub2	pot1	pot2	dpot	thres	class	core_id
0	CHEMBL153505-CHEMBL358206	CHEMBL358206	CHEMBL153505	[R1]c1cc2ccc(cc2oc1=O)O	[R1]c1csc(n1)C	[R1]c1ccccc1	5.6777807052660805	6.327902142064282	0.6501214367982016	0.7579641324856412	-1	4.0
1	CHEMBL3915405-CHEMBL3798384	CHEMBL3915405	CHEMBL3798384	[R1]CCOCCOc1ccc2c(c1)ccc(n2)c3cn(nn3)c4ccc(cc4)O	[R1]N	[R1]N1CCOCC1	6.455931955649724	6.6777807052660805	0.2218487496163561	0.7579641324856412	-1	3.0
2	CHEMBL3927658-CHEMBL3957289	CHEMBL3957289	CHEMBL3927658	[R1]Oc1ccc2c(c1)ccc(n2)c3cn(nn3)c4ccc(c(c4)F)O	[R1]CCOCCN1CCOCC1	[R1]CCCC(=O)O	6.823908740944319	7.200659450546419	0.3767507096021001	0.7579641324856412	-1	2.0
3	CHEMBL3927658-CHEMBL3960793	CHEMBL3960793	CHEMBL3927658	[R1]Oc1ccc2c(c1)ccc(n2)c3cn(nn3)c4ccc(c(c4)F)O	[R1]CCOCCN	[R1]CCCC(=O)O	6.795880017344076	7.200659450546419	0.4047794332023429	0.7579641324856412	-1	2.0
4	CHEMBL3960793-CHEMBL3957289	CHEMBL3960793	CHEMBL3957289	[R1]CCOCCOc1ccc2c(c1)ccc(n2)c3cn(nn3)c4ccc(c(c4)F)O	[R1]N	[R1]N1CCOCC1	6.795880017344076	6.823908740944319	0.0280287236002427	0.7579641324856412	-1	1.0
5	CHEMBL4160035-CHEMBL4170679	CHEMBL4160035	CHEMBL4170679	[R1]n1ccc2ccc(nc2c1=O)c3cn(nn3)c4ccc(c(c4)F)O	[R1]C	[R1]CC(=O)O	6.954677021213343	7.026872146400303	0.0721951251869601	0.7579641324856412	-1	0.0
