	id	chembl_cid1	chembl_cid2	core	sub1	sub2	pot1	pot2	dpot	thres	class	core_id
0	CHEMBL251835_CHEMBL252232-CHEMBL252231_CHEMBL254500	CHEMBL252231_CHEMBL254500	CHEMBL251835_CHEMBL252232	[R1]N1CCN(CC1)C(=O)C2CC3c4cccc5c4c(c([nH]5)Br)CC3N(C2)C	[R1]c1cccc(=O)n1C	[R1]c1ccc2c(c1)non2	5.199999790659146	5.345000158328322	0.1450003676691755	0.5146241010787631	-1	2.0
1	CHEMBL460542-CHEMBL540705	CHEMBL460542	CHEMBL540705	[R1]N1CCN(CC1)C(=O)CCN(C)CCC2c3ccccc3Oc4c2cccc4	[R1]c1ccc(c(c1)F)F	[R1]c1ccc2c(c1)non2	5.470000200122707	5.839999931118699	0.3699997309959926	0.5146241010787631	-1	1.0
2	CHEMBL473763-CHEMBL523814	CHEMBL473763	CHEMBL523814	[R1]N1CCN(CC1)C(=O)CCN(C)CCC2c3ccccc3-c4c2cccc4	[R1]c1ccc(c(c1)F)F	[R1]c1ccc2c(c1)non2	5.620000528471499	5.940001369850309	0.3200008413788104	0.5146241010787631	-1	0.0
