	id	chembl_cid1	chembl_cid2	core	sub1	sub2	pot1	pot2	dpot	thres	class	core_id
0	CHEMBL278041-CHEMBL10	CHEMBL10	CHEMBL278041	[R1]c1[nH]c(c(n1)c2ccc(cc2)F)c3ccncc3	[R1]c1ccc(cc1)[S+](C)[O-]	[R1]c1ccc(cc1)O	5.301029995663981	5.795880017344076	0.4948500216800946	1.217640859726172	-1	2.0
1	CHEMBL1940500-CHEMBL1738943	CHEMBL1940500	CHEMBL1738943	[R1]OCCc1csc(n1)NC(=O)Nc2cc(nn2c3ccc(cc3)C)C(C)(C)C	[R1]Cc1ccc(cc1)F	[R1]Cc1ccncc1	6.391473966422807	7.200659450546419	0.8091854841236117	1.217640859726172	-1	1.0
2	CHEMBL3261116-CHEMBL1738945	CHEMBL3261116	CHEMBL1738945	[R1]OCCc1csc(n1)NC(=O)Nc2cc(nn2c3ccc(cc3)CC(=O)O)C(C)(C)C	[R1]Cc1ccc(cc1)F	[R1]Cc1ccccc1	6.372634143407267	6.417936637088291	0.0453024936810235	1.217640859726172	-1	0.0
