	id	chembl_cid1	chembl_cid2	core	sub1	sub2	pot1	pot2	dpot	thres	class	core_id
0	CHEMBL109847-CHEMBL109581	CHEMBL109847	CHEMBL109581	[R1]Oc1cc2c(cc1C(=CC=CC(=CC(=O)O)C)C)C(CCC2(C)C)(C)C	[R1]CC	[R1]CCC	5.506541949004811	5.587203571283458	0.0806616222786464	1.487502595755784	-1	0.0
1	CHEMBL111589-CHEMBL109581	CHEMBL109581	CHEMBL111589	[R1]Oc1cc2c(cc1C(=CC=CC(=CC(=O)O)C)C)C(CCC2(C)C)(C)C	[R1]CCC	[R1]C	5.587203571283458	6.3979400086720375	0.8107364373885799	1.487502595755784	-1	0.0
2	CHEMBL111589-CHEMBL109847	CHEMBL109847	CHEMBL111589	[R1]Oc1cc2c(cc1C(=CC=CC(=CC(=O)O)C)C)C(CCC2(C)C)(C)C	[R1]CC	[R1]C	5.506541949004811	6.3979400086720375	0.8913980596672264	1.487502595755784	-1	0.0
