	id	chembl_cid1	chembl_cid2	core	sub1	sub2	pot1	pot2	dpot	thres	class	core_id
0	CHEMBL3623847-CHEMBL1382642	CHEMBL1382642	CHEMBL3623847	[R1]n1c2ccccc2nc1SCCOc3ccccc3C	[R1]CCC(=O)O	[R1]CC(=O)O	4.130768280269024	4.301029995663981	0.1702617153949575	1.3417808405001002	-1	3.0
1	CHEMBL1439113-CHEMBL3623844	CHEMBL3623844	CHEMBL1439113	[R1]OCCSc1nc2ccccc2n1CC(=O)O	[R1]c1ccc(cc1C)C	[R1]c1c(cccc1C)C	4.407823242604133	5.096910013008057	0.6890867704039243	1.3417808405001002	-1	2.0
2	CHEMBL1439113-CHEMBL3623847	CHEMBL3623847	CHEMBL1439113	[R1]OCCSc1nc2ccccc2n1CC(=O)O	[R1]c1ccccc1C	[R1]c1c(cccc1C)C	4.301029995663981	5.096910013008057	0.7958800173440759	1.3417808405001002	-1	2.0
3	CHEMBL1940243-CHEMBL1940244	CHEMBL1940243	CHEMBL1940244	[R1]Nc1cncc(n1)C(=O)c2cn(c3c2c(ncn3)N)C(C)C	[R1]C	[R1]CCc1cccnc1	7.0	7.455931955649724	0.4559319556497243	1.3417808405001002	-1	1.0
4	CHEMBL1940252-CHEMBL1940251	CHEMBL1940252	CHEMBL1940251	[R1]N1CCC(C1c2ccc(cc2)F)Nc3cncc(n3)C(=O)c4cn(c5c4c(ncn5)N)C(C)C	[R1]C(=O)C	[R1]C=O	8.853871964321762	9.154901959985745	0.301029995663983	1.3417808405001002	-1	0.0
5	CHEMBL3623844-CHEMBL3623847	CHEMBL3623847	CHEMBL3623844	[R1]OCCSc1nc2ccccc2n1CC(=O)O	[R1]c1ccccc1C	[R1]c1ccc(cc1C)C	4.301029995663981	4.407823242604133	0.1067932469401515	1.3417808405001002	-1	2.0
