	ids	cid	#tr	#ac_tr	trueY	predY	prob
0	CHEMBL1629808-CHEMBL288280	1	248	12	-1	-1	0.03225806451612903
1	CHEMBL312214-CHEMBL1629808	1	248	12	1	-1	0.03225806451612903
2	CHEMBL1775041-CHEMBL1775036	1	248	12	-1	-1	0.0
3	CHEMBL2397810-CHEMBL2397804	1	248	12	1	-1	0.16129032258064516
4	CHEMBL473726-CHEMBL288280	1	248	12	-1	-1	0.0
5	CHEMBL3394082-CHEMBL3393986	1	248	12	-1	-1	0.04838709677419355
6	CHEMBL473103-CHEMBL508027	1	248	12	-1	-1	0.0
7	CHEMBL473923-CHEMBL473726	1	248	12	-1	-1	0.0
