	ids	cid	#tr	#ac_tr	trueY	predY	prob
0	CHEMBL273158-CHEMBL270164	4	146	8	-1	-1	0.01950354609929078
1	CHEMBL476141-CHEMBL476351	4	146	8	-1	-1	0.20035460992907803
2	CHEMBL477583-CHEMBL476542	4	146	8	-1	-1	0.0035460992907801418
3	CHEMBL479258-CHEMBL476542	4	146	8	1	-1	0.21453900709219859
4	CHEMBL477620-CHEMBL477583	4	146	8	-1	-1	0.0070921985815602835
5	CHEMBL479257-CHEMBL477620	4	146	8	-1	-1	0.06205673758865248
6	CHEMBL477979-CHEMBL477978	4	146	8	-1	-1	0.024822695035460994
7	CHEMBL479258-CHEMBL479257	4	146	8	-1	-1	0.05851063829787234
