	ids	cid	#tr	#ac_tr	trueY	predY	prob
0	CHEMBL3759727_CHEMBL3759997-CHEMBL3758501_CHEMBL3758757	0	124	5	-1	-1	0.0
1	CHEMBL3758783-CHEMBL3759109	0	124	5	-1	-1	0.0016366612111292963
2	CHEMBL3759741-CHEMBL3758783	0	124	5	-1	-1	0.016366612111292964
3	CHEMBL606811-CHEMBL3759109	0	124	5	-1	-1	0.0016366612111292963
4	CHEMBL3759727_CHEMBL3759997-CHEMBL605742	0	124	5	-1	-1	0.0
5	CHEMBL3759741-CHEMBL3759811	0	124	5	-1	-1	0.02618657937806874
6	CHEMBL596273-CHEMBL605742	0	124	5	-1	-1	0.0
7	CHEMBL606811-CHEMBL596273	0	124	5	1	-1	0.016366612111292964
8	CHEMBL596287-CHEMBL596302	0	124	5	-1	-1	0.031096563011456628
