	ids	cid	#tr	#ac_tr	trueY	predY	prob
0	CHEMBL4634072-CHEMBL4632490	6	116	8	1	-1	0.0
1	CHEMBL4633497-CHEMBL4648158	6	116	8	-1	-1	0.012939001848428836
2	CHEMBL4645338-CHEMBL4648158	6	116	8	-1	-1	0.005545286506469501
