	ids	cid	#tr	#ac_tr	trueY	predY	prob
0	CHEMBL2414533-CHEMBL2414542	8	119	3	-1	-1	0.003067484662576687
1	CHEMBL2414534-CHEMBL2414535	8	119	3	-1	-1	0.009202453987730062
2	CHEMBL2414562-CHEMBL2414543	8	119	3	1	-1	0.4447852760736196
