	ids	cid	#tr	#ac_tr	trueY	predY	prob
0	CHEMBL139923-CHEMBL337759	0	177	16	-1	-1	0.0
1	CHEMBL2377805-CHEMBL2375441	0	177	16	-1	-1	0.0
2	CHEMBL243509-CHEMBL243942	0	177	16	1	-1	0.0
3	CHEMBL243509-CHEMBL394852	0	177	16	-1	-1	0.0
4	CHEMBL390244-CHEMBL244360	0	177	16	-1	-1	0.1584795321637427
5	CHEMBL394852-CHEMBL394851	0	177	16	-1	-1	0.01023391812865497
6	CHEMBL397253-CHEMBL394851	0	177	16	-1	-1	0.005847953216374269
