	ids	cid	#tr	#ac_tr	trueY	predY	prob
0	CHEMBL2387471-CHEMBL2387465	5	84	5	-1	-1	0.0
1	CHEMBL2387465-CHEMBL2387475	5	84	5	-1	-1	0.0
2	CHEMBL2387471-CHEMBL2387475	5	84	5	-1	-1	0.0
3	CHEMBL3103868-CHEMBL3103861	5	84	5	1	-1	0.0234375
4	CHEMBL3103868-CHEMBL3793221	5	84	5	1	1	0.578125
5	CHEMBL3634770-CHEMBL3634755	5	84	5	-1	-1	0.140625
6	CHEMBL3634769-CHEMBL3634770	5	84	5	-1	-1	0.015625
7	CHEMBL3634769-CHEMBL3634771	5	84	5	-1	-1	0.0078125
8	CHEMBL3634770-CHEMBL3634771	5	84	5	-1	-1	0.0078125
