	ids	cid	#tr	#ac_tr	trueY	predY	prob
0	CHEMBL1232702-CHEMBL2178602	4	81	7	-1	-1	0.07727272727272727
1	CHEMBL2178599-CHEMBL2178604	4	81	7	1	-1	0.03636363636363636
2	CHEMBL3121468-CHEMBL3121449	4	81	7	-1	-1	0.0
3	CHEMBL3127912-CHEMBL3128025	4	81	7	-1	-1	0.11893939393939394
