	ids	cid	#tr	#ac_tr	trueY	predY	prob
0	CHEMBL1082508-CHEMBL1083481	6	196	11	1	-1	0.019169329073482427
1	CHEMBL1085120-CHEMBL1082508	6	196	11	-1	-1	0.012779552715654952
2	CHEMBL1082508-CHEMBL1086113	6	196	11	-1	-1	0.0670926517571885
3	CHEMBL1082508-CHEMBL1086476	6	196	11	-1	-1	0.012779552715654952
4	CHEMBL1082510-CHEMBL1086476	6	196	11	-1	-1	0.0
5	CHEMBL1085120-CHEMBL1083481	6	196	11	1	-1	0.0
6	CHEMBL1086113-CHEMBL1083481	6	196	11	1	-1	0.04792332268370607
7	CHEMBL1084335-CHEMBL1086476	6	196	11	-1	-1	0.022364217252396165
8	CHEMBL1085120-CHEMBL1086113	6	196	11	-1	-1	0.04472843450479233
