	ids	cid	#tr	#ac_tr	trueY	predY	prob
0	CHEMBL173994-CHEMBL427421	9	158	7	-1	-1	0.12217194570135746
1	CHEMBL205880-CHEMBL206454	9	158	7	1	-1	0.004524886877828055
2	CHEMBL3355672-CHEMBL3355668	9	158	7	-1	-1	0.0
3	CHEMBL3355674-CHEMBL3355668	9	158	7	-1	-1	0.0
4	CHEMBL3355672-CHEMBL3355674	9	158	7	-1	-1	0.013574660633484163
