	ids	cid	#tr	#ac_tr	trueY	predY	prob
0	CHEMBL3355673-CHEMBL3355668	12	143	5	-1	-1	0.0
1	CHEMBL3355674-CHEMBL3355668	12	143	5	-1	-1	0.0
2	CHEMBL3355675-CHEMBL3355668	12	143	5	-1	-1	0.0
3	CHEMBL3355673-CHEMBL3355674	12	143	5	-1	-1	0.010526315789473684
4	CHEMBL3355673-CHEMBL3355675	12	143	5	-1	-1	0.042105263157894736
5	CHEMBL3355673-CHEMBL3355682_CHEMBL3393381	12	143	5	1	-1	0.0
6	CHEMBL3355675-CHEMBL3355674	12	143	5	-1	-1	0.10526315789473684
