	ids	cid	#tr	#ac_tr	trueY	predY	prob
0	CHEMBL2153489-CHEMBL3604958	11	136	5	-1	-1	0.0
1	CHEMBL2153490-CHEMBL3604958	11	136	5	-1	-1	0.019230769230769232
2	CHEMBL3578113-CHEMBL3578111	11	136	5	-1	-1	0.019230769230769232
3	CHEMBL3578113-CHEMBL3578115	11	136	5	1	-1	0.038461538461538464
