	ids	cid	#tr	#ac_tr	trueY	predY	prob
0	CHEMBL1824884-CHEMBL1824878	8	228	8	-1	-1	0.018518518518518517
1	CHEMBL1825130-CHEMBL1825131	8	228	8	-1	-1	0.0
2	CHEMBL2170805-CHEMBL2001019_CHEMBL2170804	8	228	8	1	-1	0.018518518518518517
3	CHEMBL2170808-CHEMBL2001019_CHEMBL2170804	8	228	8	-1	-1	0.0
4	CHEMBL2170808-CHEMBL2170805	8	228	8	-1	-1	0.018518518518518517
5	CHEMBL2170963-CHEMBL2170962	8	228	8	-1	-1	0.018518518518518517
6	CHEMBL2431824-CHEMBL2431828	8	228	8	-1	-1	0.0
7	CHEMBL2431824-CHEMBL2431830	8	228	8	-1	-1	0.2037037037037037
8	CHEMBL2431830-CHEMBL2431828	8	228	8	-1	-1	0.2037037037037037
