	ids	cid	#tr	#ac_tr	trueY	predY	prob
0	CHEMBL1632220-CHEMBL1631532	5	166	11	-1	-1	0.06993006993006994
1	CHEMBL209573-CHEMBL213987	5	166	11	-1	-1	0.0
2	CHEMBL244773-CHEMBL244562	5	166	11	-1	-1	0.017482517482517484
3	CHEMBL3813789-CHEMBL3735756	5	166	11	-1	-1	0.01048951048951049
4	CHEMBL3735756-CHEMBL3813855	5	166	11	-1	-1	0.013986013986013986
5	CHEMBL3813789-CHEMBL3813855	5	166	11	-1	-1	0.0
6	CHEMBL516088-CHEMBL489408	5	166	11	1	-1	0.017482517482517484
