	ids	cid	#tr	#ac_tr	trueY	predY	prob
0	CHEMBL277378-CHEMBL217769	3	185	6	-1	-1	0.0025284450063211127
1	CHEMBL237472-CHEMBL3706926	3	185	6	-1	-1	0.1390644753476612
2	CHEMBL3706929-CHEMBL237472	3	185	6	1	-1	0.17699115044247787
3	CHEMBL266282-CHEMBL8394	3	185	6	-1	-1	0.0012642225031605564
4	CHEMBL519450-CHEMBL481514	3	185	6	-1	-1	0.0
5	CHEMBL481514-CHEMBL520603	3	185	6	-1	-1	0.0
6	CHEMBL519780-CHEMBL481939	3	185	6	-1	-1	0.0
7	CHEMBL519450-CHEMBL519780	3	185	6	-1	-1	0.0
