	ids	cid	#tr	#ac_tr	trueY	predY	prob
0	CHEMBL137867-CHEMBL138575	6	184	13	-1	-1	0.0
1	CHEMBL139590-CHEMBL138575	6	184	13	-1	-1	0.0
2	CHEMBL214378-CHEMBL214794	6	184	13	-1	-1	0.059961315280464215
3	CHEMBL244147-CHEMBL230860	6	184	13	1	-1	0.12572533849129594
4	CHEMBL390244-CHEMBL230860	6	184	13	-1	-1	0.013539651837524178
5	CHEMBL2377805-CHEMBL2377807	6	184	13	-1	-1	0.0
6	CHEMBL243730-CHEMBL244147	6	184	13	-1	-1	0.05609284332688588
7	CHEMBL508649-CHEMBL3400667	6	184	13	-1	-1	0.007736943907156673
