	ids	cid	#tr	#ac_tr	trueY	predY	prob
0	CHEMBL3758634-CHEMBL3759472	2	126	6	1	-1	0.0
1	CHEMBL3759861-CHEMBL3758634	2	126	6	-1	-1	0.09375
2	CHEMBL4084823-CHEMBL4095018	2	126	6	-1	-1	0.0
3	CHEMBL4095018-CHEMBL4095517	2	126	6	-1	-1	0.010416666666666666
4	CHEMBL4095018-CHEMBL4098894	2	126	6	-1	-1	0.03125
5	CHEMBL4095517-CHEMBL4098894	2	126	6	-1	-1	0.03125
