	ids	cid	#tr	#ac_tr	trueY	predY	prob
0	CHEMBL2058911-CHEMBL2058692	3	167	6	-1	-1	0.09761455052383486
1	CHEMBL2058914-CHEMBL2058692	3	167	6	-1	-1	0.10491031286546876
2	CHEMBL2058914-CHEMBL2058928	3	167	6	1	-1	0.0
3	CHEMBL3605995-CHEMBL3605999	3	167	6	-1	-1	0.005028473255672392
4	CHEMBL497609-CHEMBL525535	3	167	6	-1	-1	0.0027320561252023746
