	ids	cid	#tr	#ac_tr	trueY	predY	prob
0	CHEMBL2396674_CHEMBL2398478_CHEMBL3665579_CHEMBL3665580_CHEMBL4537250-CHEMBL2398475_CHEMBL2398476_CHEMBL3704501_CHEMBL3704502	1	98	4	-1	-1	0.18466898954703834
1	CHEMBL2396674_CHEMBL2398478_CHEMBL3665579_CHEMBL3665580_CHEMBL4537250-CHEMBL2398477_CHEMBL3704506	1	98	4	-1	-1	0.20905923344947736
2	CHEMBL2396674_CHEMBL2398478_CHEMBL3665579_CHEMBL3665580_CHEMBL4537250-CHEMBL409889	1	98	4	1	-1	0.11846689895470383
3	CHEMBL2398475_CHEMBL2398476_CHEMBL3704501_CHEMBL3704502-CHEMBL2398477_CHEMBL3704506	1	98	4	-1	-1	0.1986062717770035
4	CHEMBL2398475_CHEMBL2398476_CHEMBL3704501_CHEMBL3704502-CHEMBL409889	1	98	4	1	-1	0.09059233449477352
5	CHEMBL566955-CHEMBL3665578_CHEMBL572933_CHEMBL576342	1	98	4	-1	-1	0.156794425087108
