	ids	cid	#tr	#ac_tr	trueY	predY	prob
0	CHEMBL1223747-CHEMBL1223617	4	285	11	1	-1	0.004830917874396135
1	CHEMBL1223747-CHEMBL271989	4	285	11	-1	-1	0.04830917874396135
2	CHEMBL200366-CHEMBL427552	4	285	11	-1	-1	0.036231884057971016
3	CHEMBL2261606_CHEMBL242507-CHEMBL2261608_CHEMBL242723	4	285	11	-1	-1	0.0024154589371980675
4	CHEMBL232609_CHEMBL233790-CHEMBL232779_CHEMBL232780	4	285	11	-1	-1	0.0
5	CHEMBL232609_CHEMBL233790-CHEMBL234854_CHEMBL391016	4	285	11	-1	-1	0.0
6	CHEMBL232779_CHEMBL232780-CHEMBL234854_CHEMBL391016	4	285	11	-1	-1	0.0
