	ids	cid	#tr	#ac_tr	trueY	predY	prob
0	CHEMBL2392491-CHEMBL2392488	2	99	5	1	-1	0.01015228426395939
1	CHEMBL2420821-CHEMBL2420832	2	99	5	-1	-1	0.17766497461928935
2	CHEMBL2420821-CHEMBL2420835	2	99	5	-1	-1	0.17258883248730963
3	CHEMBL2420821-CHEMBL2420839	2	99	5	-1	-1	0.16243654822335024
4	CHEMBL2420832-CHEMBL2420835	2	99	5	-1	-1	0.18781725888324874
5	CHEMBL2420832-CHEMBL2420839	2	99	5	-1	-1	0.17766497461928935
6	CHEMBL2420835-CHEMBL2420839	2	99	5	-1	-1	0.16751269035532995
7	CHEMBL4070262-CHEMBL4093872	2	99	5	-1	-1	0.0
