	ids	cid	#tr	#ac_tr	trueY	predY	prob
0	CHEMBL4645288-CHEMBL4632490	3	105	9	1	-1	0.003976143141153081
1	CHEMBL4636865-CHEMBL4643735	3	105	9	-1	-1	0.015904572564612324
2	CHEMBL4636865-CHEMBL4644817	3	105	9	-1	-1	0.011928429423459244
3	CHEMBL4644817-CHEMBL4643735	3	105	9	-1	-1	0.009940357852882704
4	CHEMBL4643735-CHEMBL4646438	3	105	9	-1	-1	0.15109343936381708
5	CHEMBL4644817-CHEMBL4646438	3	105	9	-1	-1	0.14910536779324055
