	ids	cid	#tr	#ac_tr	trueY	predY	prob
0	CHEMBL1926835-CHEMBL1926838	4	97	4	1	-1	0.2716049382716049
1	CHEMBL1926835-CHEMBL1926839	4	97	4	1	-1	0.4444444444444444
2	CHEMBL1926835-CHEMBL1926843	4	97	4	1	-1	0.345679012345679
3	CHEMBL1926839-CHEMBL1926838	4	97	4	-1	-1	0.08641975308641975
4	CHEMBL1926838-CHEMBL1926843	4	97	4	-1	-1	0.08641975308641975
5	CHEMBL1926839-CHEMBL1926843	4	97	4	-1	-1	0.037037037037037035
6	CHEMBL1926861-CHEMBL1926962	4	97	4	-1	-1	0.0
