	ids	cid	#tr	#ac_tr	trueY	predY	prob
0	CHEMBL181126-CHEMBL180680	21	126	3	-1	-1	0.021891294086682465
1	CHEMBL360245-CHEMBL180680	21	126	3	-1	-1	0.02382580173692854
2	CHEMBL361118-CHEMBL180680	21	126	3	-1	-1	0.005820829951976765
3	CHEMBL180680-CHEMBL362582	21	126	3	-1	-1	0.0018229689992285936
4	CHEMBL181126-CHEMBL360245	21	126	3	-1	-1	0.021167349320902657
5	CHEMBL361118-CHEMBL181126	21	126	3	-1	-1	0.00523609896690973
6	CHEMBL361118-CHEMBL360245	21	126	3	-1	-1	0.0058034136679630316
7	CHEMBL360245-CHEMBL362582	21	126	3	-1	-1	0.0018055527152148617
8	CHEMBL361118-CHEMBL362582	21	126	3	1	-1	0.005757211351157659
