	ids	cid	#tr	#ac_tr	trueY	predY	prob
0	CHEMBL3218402_CHEMBL3218403-CHEMBL2057725	1	125	5	-1	-1	0.06840390879478828
1	CHEMBL2331558-CHEMBL2181524	1	125	5	-1	-1	0.0
2	CHEMBL2331676-CHEMBL2181524	1	125	5	-1	-1	0.0
3	CHEMBL2181524-CHEMBL2331677	1	125	5	-1	-1	0.013029315960912053
4	CHEMBL2331558-CHEMBL2331676	1	125	5	-1	-1	0.0
5	CHEMBL2331558-CHEMBL2331677	1	125	5	-1	-1	0.013029315960912053
6	CHEMBL2331665-CHEMBL2331663	1	125	5	1	-1	0.13355048859934854
7	CHEMBL2331676-CHEMBL2331677	1	125	5	-1	-1	0.013029315960912053
8	CHEMBL2375954_CHEMBL2375960-CHEMBL2375966_CHEMBL2375970	1	125	5	-1	-1	0.003257328990228013
