	ids	cid	#tr	#ac_tr	trueY	predY	prob
0	CHEMBL1822053-CHEMBL1822213	9	107	4	-1	-1	0.001152073732718894
1	CHEMBL3769857-CHEMBL3769966	9	107	4	1	-1	0.0
2	CHEMBL4290312-CHEMBL4283349	9	107	4	-1	-1	0.001152073732718894
3	CHEMBL4592777-CHEMBL4294600	9	107	4	-1	-1	0.00576036866359447
