	ids	cid	#tr	#ac_tr	trueY	predY	prob
0	CHEMBL217907-CHEMBL426550	9	79	3	1	-1	0.007246376811594203
1	CHEMBL221525-CHEMBL426550	9	79	3	-1	-1	0.007246376811594203
2	CHEMBL385106-CHEMBL373430	9	79	3	-1	-1	0.014492753623188406
3	CHEMBL497203-CHEMBL501982	9	79	3	-1	-1	0.0
