	ids	cid	#tr	#ac_tr	trueY	predY	prob
0	CHEMBL2063760-CHEMBL2063752_CHEMBL2063753	9	142	5	-1	-1	0.0018636847710330137
1	CHEMBL2181658-CHEMBL2181659	9	142	5	1	-1	0.012893655864901871
2	CHEMBL2181665-CHEMBL2181664	9	142	5	-1	-1	0.0
3	CHEMBL2375365_CHEMBL2376093-CHEMBL2375966_CHEMBL2375970	9	142	5	-1	-1	0.0037273695420660274
4	CHEMBL2375967_CHEMBL2376092-CHEMBL2375365_CHEMBL2376093	9	142	5	-1	-1	0.02719078046554085
