	ids	cid	#tr	#ac_tr	trueY	predY	prob
0	CHEMBL205880-CHEMBL206069	13	128	7	-1	-1	0.0035335689045936395
1	CHEMBL205880-CHEMBL206454	13	128	7	1	-1	0.0
2	CHEMBL382418-CHEMBL206069	13	128	7	-1	-1	0.0
3	CHEMBL381702-CHEMBL206454	13	128	7	1	-1	0.0
4	CHEMBL206454-CHEMBL382418	13	128	7	-1	-1	0.0035335689045936395
5	CHEMBL3355665-CHEMBL3355667	13	128	7	-1	-1	0.011778563015312132
6	CHEMBL3355665-CHEMBL3355669	13	128	7	-1	-1	0.0
7	CHEMBL3355667-CHEMBL3355669	13	128	7	-1	-1	0.0
8	CHEMBL381702-CHEMBL382418	13	128	7	-1	-1	0.0
