	ids	cid	#tr	#ac_tr	trueY	predY	prob
0	CHEMBL176270-CHEMBL360367	0	155	11	1	-1	0.13286713286713286
1	CHEMBL176270-CHEMBL361016	0	155	11	-1	-1	0.04895104895104895
2	CHEMBL179663-CHEMBL361016	0	155	11	-1	-1	0.06293706293706294
3	CHEMBL436276-CHEMBL179663	0	155	11	-1	-1	0.013986013986013986
4	CHEMBL359810-CHEMBL360367	0	155	11	-1	-1	0.06468531468531469
5	CHEMBL359810-CHEMBL436276	0	155	11	-1	-1	0.05419580419580419
6	CHEMBL436276-CHEMBL360367	0	155	11	-1	-1	0.03146853146853147
7	CHEMBL436276-CHEMBL361016	0	155	11	-1	-1	0.019230769230769232
