	ids	cid	#tr	#ac_tr	trueY	predY	prob
0	CHEMBL3103869-CHEMBL3792552	8	242	13	1	-1	0.48
1	CHEMBL3103869-CHEMBL3793267	8	242	13	1	-1	0.4533333333333333
2	CHEMBL3634769-CHEMBL3634761	8	242	13	-1	-1	0.06666666666666667
3	CHEMBL3634761-CHEMBL3634771	8	242	13	-1	-1	0.0
4	CHEMBL3634769-CHEMBL3634771	8	242	13	-1	-1	0.06666666666666667
5	CHEMBL3792552-CHEMBL3793267	8	242	13	-1	-1	0.09333333333333334
6	CHEMBL4450356-CHEMBL4439756	8	242	13	-1	-1	0.0
7	CHEMBL583913-CHEMBL575263	8	242	13	-1	-1	0.0
8	CHEMBL575675-CHEMBL583913	8	242	13	-1	-1	0.0
