	ids	cid	#tr	#ac_tr	trueY	predY	prob
0	CHEMBL116071-CHEMBL116074	6	145	6	-1	-1	0.0
1	CHEMBL117637_CHEMBL119391-CHEMBL116071	6	145	6	1	-1	0.0
2	CHEMBL179531-CHEMBL360367	6	145	6	-1	-1	0.039792387543252594
3	CHEMBL436276-CHEMBL179531	6	145	6	-1	-1	0.0005767012687427913
4	CHEMBL360367-CHEMBL360056	6	145	6	1	-1	0.059400230680507496
5	CHEMBL366865-CHEMBL360056	6	145	6	-1	-1	0.00980392156862745
6	CHEMBL436276-CHEMBL360367	6	145	6	-1	-1	0.020184544405997693
7	CHEMBL436276-CHEMBL366865	6	145	6	-1	-1	0.0
8	CHEMBL436276-CHEMBL434906	6	145	6	-1	-1	0.0005767012687427913
