	ids	cid	#tr	#ac_tr	trueY	predY	prob
0	CHEMBL2071336-CHEMBL2071341	10	62	3	1	-1	0.0039164490861618795
1	CHEMBL3586679-CHEMBL3586677	10	62	3	-1	-1	0.0039164490861618795
2	CHEMBL3586677-CHEMBL3586680	10	62	3	-1	-1	0.0
3	CHEMBL3586679-CHEMBL3586680	10	62	3	-1	-1	0.0039164490861618795
