	ids	cid	#tr	#ac_tr	trueY	predY	prob
0	CHEMBL111302-CHEMBL194206	22	114	5	-1	-1	0.014218009478672985
1	CHEMBL170192-CHEMBL173656	22	114	5	-1	-1	0.004739336492890996
2	CHEMBL170192-CHEMBL353256	22	114	5	1	-1	0.0
3	CHEMBL173656-CHEMBL353256	22	114	5	-1	-1	0.004739336492890996
4	CHEMBL282693-CHEMBL20963	22	114	5	-1	-1	0.43601895734597157
