	ids	cid	#tr	#ac_tr	trueY	predY	prob
0	CHEMBL365062-CHEMBL185752	6	126	5	1	-1	0.08659622721490647
1	CHEMBL538574-CHEMBL539086	6	126	5	-1	-1	0.02119965549284921
2	CHEMBL538574-CHEMBL558199	6	126	5	-1	-1	0.00025724711588585934
3	CHEMBL538574-CHEMBL558763	6	126	5	-1	-1	0.00025724711588585934
4	CHEMBL558199-CHEMBL539086	6	126	5	-1	-1	0.020942408376963352
5	CHEMBL558763-CHEMBL539086	6	126	5	-1	-1	0.020942408376963352
6	CHEMBL558763-CHEMBL558199	6	126	5	-1	-1	0.0007780910767840213
