	ids	cid	#tr	#ac_tr	trueY	predY	prob
0	CHEMBL476507-CHEMBL476111	1	143	8	1	-1	0.039967364027826635
1	CHEMBL476533-CHEMBL477582	1	143	8	-1	-1	0.0729764960011313
2	CHEMBL477182-CHEMBL478656	1	143	8	-1	-1	0.07708405877226156
3	CHEMBL514207-CHEMBL477182	1	143	8	-1	-1	0.03565422304683063
4	CHEMBL515318-CHEMBL477182	1	143	8	-1	-1	0.04151252826330417
5	CHEMBL514207-CHEMBL478656	1	143	8	-1	-1	0.06776372123318403
6	CHEMBL515318-CHEMBL478656	1	143	8	-1	-1	0.06544865072979915
7	CHEMBL494305-CHEMBL522689	1	143	8	-1	-1	0.0001714971702966901
8	CHEMBL515318-CHEMBL514207	1	143	8	-1	-1	0.03785376998678324
