	ids	cid	#tr	#ac_tr	trueY	predY	prob
0	CHEMBL1651351-CHEMBL382971	106	197	12	1	-1	0.325
1	CHEMBL435913-CHEMBL199214	106	197	12	-1	-1	0.022058823529411766
2	CHEMBL200203-CHEMBL200619	106	197	12	-1	-1	0.004411764705882353
3	CHEMBL200203-CHEMBL440035	106	197	12	-1	-1	0.007352941176470588
4	CHEMBL440035-CHEMBL200619	106	197	12	-1	-1	0.0058823529411764705
5	CHEMBL213244-CHEMBL212907	106	197	12	-1	-1	0.029411764705882353
6	CHEMBL435913-CHEMBL372410	106	197	12	-1	-1	0.022058823529411766
7	CHEMBL608115-CHEMBL3902105	106	197	12	1	1	0.6985294117647058
8	CHEMBL608115-CHEMBL3982135	106	197	12	1	1	0.5647058823529412
