	ids	cid	#tr	#ac_tr	trueY	predY	prob
0	CHEMBL3759445-CHEMBL3758508	1	143	13	-1	-1	0.04922279792746114
1	CHEMBL3759811-CHEMBL3758508	1	143	13	1	1	0.5310880829015544
2	CHEMBL3759011-CHEMBL3759445	1	143	13	-1	-1	0.23056994818652848
3	CHEMBL3759011-CHEMBL3759741	1	143	13	-1	-1	0.04145077720207254
4	CHEMBL3759011-CHEMBL3759811	1	143	13	-1	-1	0.03626943005181347
5	CHEMBL3759741-CHEMBL3759445	1	143	13	-1	-1	0.12176165803108809
6	CHEMBL3759741-CHEMBL3759811	1	143	13	-1	-1	0.046632124352331605
