	ids	cid	#tr	#ac_tr	trueY	predY	prob
0	CHEMBL1934258-CHEMBL1934255	2	219	4	-1	-1	0.02118221538229076
1	CHEMBL207539-CHEMBL206975	2	219	4	-1	-1	0.01763268621072368
2	CHEMBL380834-CHEMBL206975	2	219	4	-1	-1	0.01763268621072368
3	CHEMBL207539-CHEMBL207022	2	219	4	1	-1	0.01763268621072368
4	CHEMBL380834-CHEMBL207022	2	219	4	1	-1	0.01763268621072368
5	CHEMBL437704-CHEMBL207022	2	219	4	-1	-1	0.01763268621072368
6	CHEMBL207539-CHEMBL380834	2	219	4	-1	-1	0.01763268621072368
7	CHEMBL380834-CHEMBL437704	2	219	4	1	-1	0.01763268621072368
