	ids	cid	#tr	#ac_tr	trueY	predY	prob
0	CHEMBL3127912-CHEMBL3128021	0	70	3	-1	-1	0.0027137042062415195
1	CHEMBL3127912-CHEMBL3128026	0	70	3	-1	-1	0.0027137042062415195
2	CHEMBL3127912-CHEMBL3128027	0	70	3	-1	-1	0.0027137042062415195
3	CHEMBL3128026-CHEMBL3128021	0	70	3	-1	-1	0.0
4	CHEMBL3128027-CHEMBL3128021	0	70	3	1	-1	0.0
5	CHEMBL3128026-CHEMBL3128027	0	70	3	-1	-1	0.0
