	ids	cid	#tr	#ac_tr	trueY	predY	prob
0	CHEMBL4088098-CHEMBL4066811	16	53	3	-1	-1	0.0
1	CHEMBL4069226-CHEMBL4088098	16	53	3	-1	-1	0.0
2	CHEMBL4082881-CHEMBL4073436	16	53	3	-1	-1	0.03550295857988166
3	CHEMBL4090685-CHEMBL4073436	16	53	3	-1	-1	0.023668639053254437
4	CHEMBL4082881-CHEMBL4090685	16	53	3	-1	-1	0.029585798816568046
5	CHEMBL4635645_CHEMBL4644062-CHEMBL4640382_CHEMBL4646299	16	53	3	1	-1	0.0
