	ids	cid	#tr	#ac_tr	trueY	predY	prob
0	CHEMBL488710-CHEMBL454901_CHEMBL508284	1	156	4	-1	-1	0.0038314176245210726
1	CHEMBL487044-CHEMBL462346	1	156	4	-1	-1	0.0
2	CHEMBL488710-CHEMBL462346	1	156	4	-1	-1	0.0
3	CHEMBL471517-CHEMBL471340	1	156	4	-1	-1	0.0
4	CHEMBL487044-CHEMBL471340	1	156	4	-1	-1	0.0
5	CHEMBL513404-CHEMBL471340	1	156	4	-1	-1	0.0
6	CHEMBL488710-CHEMBL487044	1	156	4	-1	-1	0.0
7	CHEMBL513404-CHEMBL488716	1	156	4	1	-1	0.04597701149425287
