	ids	cid	#tr	#ac_tr	trueY	predY	prob
0	CHEMBL1824883-CHEMBL1821759	6	241	12	1	-1	0.031055900621118012
1	CHEMBL1821759-CHEMBL1824890	6	241	12	-1	-1	0.0
2	CHEMBL1821759-CHEMBL1825132	6	241	12	-1	-1	0.0
3	CHEMBL1824883-CHEMBL1824890	6	241	12	-1	-1	0.031055900621118012
4	CHEMBL2431826-CHEMBL2431828	6	241	12	-1	-1	0.14906832298136646
