	ids	cid	#tr	#ac_tr	trueY	predY	prob
0	CHEMBL381079-CHEMBL206153	3	285	18	-1	-1	0.023076923076923078
1	CHEMBL377882-CHEMBL207023	3	285	18	-1	-1	0.007692307692307693
2	CHEMBL207915-CHEMBL438059	3	285	18	1	-1	0.005128205128205128
3	CHEMBL382034-CHEMBL208993	3	285	18	-1	-1	0.015384615384615385
4	CHEMBL385173-CHEMBL216736	3	285	18	-1	-1	0.0
5	CHEMBL386073-CHEMBL384199	3	285	18	-1	-1	0.041025641025641026
6	CHEMBL385607-CHEMBL386073	3	285	18	-1	-1	0.10512820512820513
7	CHEMBL69380-CHEMBL67078	3	285	18	-1	-1	0.0
