	ids	cid	#tr	#ac_tr	trueY	predY	prob
0	CHEMBL435913-CHEMBL199214	13	215	5	-1	-1	0.0
1	CHEMBL200708-CHEMBL200602	13	215	5	-1	-1	0.0
2	CHEMBL2153167-CHEMBL2153169	13	215	5	-1	-1	0.0
3	CHEMBL286364_CHEMBL31674-CHEMBL382286	13	215	5	-1	-1	0.012987012987012988
4	CHEMBL286364_CHEMBL31674-CHEMBL433985	13	215	5	-1	-1	0.012987012987012988
5	CHEMBL381940-CHEMBL380832	13	215	5	-1	-1	0.0
6	CHEMBL383119-CHEMBL380832	13	215	5	1	-1	0.025974025974025976
7	CHEMBL381940-CHEMBL383119	13	215	5	1	-1	0.025974025974025976
8	CHEMBL433985-CHEMBL382286	13	215	5	-1	-1	0.012987012987012988
