	ids	cid	#tr	#ac_tr	trueY	predY	prob
0	CHEMBL196598-CHEMBL194206	2	118	4	-1	-1	0.23307290473109932
1	CHEMBL194610-CHEMBL370896	2	118	4	-1	-1	0.017409564308789115
2	CHEMBL196666-CHEMBL282229	2	118	4	1	-1	0.013025649771557929
3	CHEMBL196666-CHEMBL364056	2	118	4	-1	-1	0.007222226235576256
