	ids	cid	#tr	#ac_tr	trueY	predY	prob
0	CHEMBL3099893-CHEMBL3099894	2	89	6	-1	-1	0.001869158878504673
1	CHEMBL3394833-CHEMBL3394834	2	89	6	-1	-1	0.001869158878504673
2	CHEMBL3585939-CHEMBL3585944	2	89	6	-1	-1	0.06355140186915888
3	CHEMBL3585951-CHEMBL3585939	2	89	6	1	-1	0.12149532710280374
4	CHEMBL3586425_CHEMBL3646170-CHEMBL3586431_CHEMBL3649099	2	89	6	-1	-1	0.009345794392523364
