	ids	cid	#tr	#ac_tr	trueY	predY	prob
0	CHEMBL175547-CHEMBL193809	9	132	5	-1	-1	0.024875621890547265
1	CHEMBL175547-CHEMBL434918	9	132	5	-1	-1	0.004975124378109453
2	CHEMBL192066-CHEMBL193871	9	132	5	-1	-1	0.0
3	CHEMBL434918-CHEMBL193809	9	132	5	-1	-1	0.01990049751243781
4	CHEMBL193828-CHEMBL194135	9	132	5	-1	-1	0.0
5	CHEMBL193871-CHEMBL364047	9	132	5	1	-1	0.024875621890547265
6	CHEMBL194086-CHEMBL194715	9	132	5	-1	-1	0.0
7	CHEMBL194086-CHEMBL365551	9	132	5	1	-1	0.03233830845771144
