	ids	cid	#tr	#ac_tr	trueY	predY	prob
0	CHEMBL3609144-CHEMBL3609142	5	98	3	-1	-1	0.0
1	CHEMBL3813789-CHEMBL3813796	5	98	3	1	-1	0.08955223880597014
2	CHEMBL3813789-CHEMBL3815000	5	98	3	-1	-1	0.004975124378109453
3	CHEMBL3813789-CHEMBL3815112	5	98	3	1	-1	0.05970149253731343
4	CHEMBL3815000-CHEMBL3813796	5	98	3	-1	-1	0.009950248756218905
5	CHEMBL3813796-CHEMBL3815112	5	98	3	-1	-1	0.014925373134328358
