	ids	cid	#tr	#ac_tr	trueY	predY	prob
0	CHEMBL1926844-CHEMBL1926841	2	108	5	-1	-1	0.08897965844975723
1	CHEMBL1926845-CHEMBL1926850	2	108	5	1	-1	0.16267999090475677
2	CHEMBL1926970-CHEMBL1926974	2	108	5	-1	-1	0.0050634232670084475
