	ids	cid	#tr	#ac_tr	trueY	predY	prob
0	CHEMBL100017-CHEMBL105708	1	171	6	-1	-1	0.07619871984664742
1	CHEMBL1836465-CHEMBL1836470	1	171	6	-1	-1	0.006470981556762141
2	CHEMBL1836519-CHEMBL1836465	1	171	6	-1	-1	0.0022693214511387023
3	CHEMBL1836519-CHEMBL1836470	1	171	6	-1	-1	0.0022903514283977348
4	CHEMBL199163-CHEMBL372410	1	171	6	1	-1	0.0008058213668013722
5	CHEMBL200708-CHEMBL200744	1	171	6	-1	-1	0.000704348659440192
6	CHEMBL426819-CHEMBL200708	1	171	6	-1	-1	0.0009613159402155046
7	CHEMBL426819-CHEMBL200744	1	171	6	-1	-1	0.0006818666450517029
8	CHEMBL435913-CHEMBL372410	1	171	6	-1	-1	0.0010421918608145987
