	ids	cid	#tr	#ac_tr	trueY	predY	prob
0	CHEMBL197820-CHEMBL198606	2	176	7	-1	-1	0.0
1	CHEMBL197820-CHEMBL198607	2	176	7	-1	-1	0.0
2	CHEMBL198606-CHEMBL198607	2	176	7	-1	-1	0.0
3	CHEMBL457058-CHEMBL462345	2	176	7	1	-1	0.0196078431372549
4	CHEMBL462380-CHEMBL488884	2	176	7	-1	-1	0.0392156862745098
