	ids	cid	#tr	#ac_tr	trueY	predY	prob
0	CHEMBL2064564-CHEMBL2064565	4	83	5	-1	-1	0.012195121951219513
1	CHEMBL4073477-CHEMBL4062257	4	83	5	-1	-1	0.036585365853658534
2	CHEMBL4062257-CHEMBL4078833	4	83	5	1	-1	0.012195121951219513
3	CHEMBL4073477-CHEMBL4078833	4	83	5	-1	-1	0.024390243902439025
