	ids	cid	#tr	#ac_tr	trueY	predY	prob
0	CHEMBL3103865-CHEMBL3103861	70	247	10	-1	-1	0.012622720897615708
1	CHEMBL3103868-CHEMBL3103861	70	247	10	1	-1	0.029453015427769985
2	CHEMBL3103868-CHEMBL3103865	70	247	10	1	-1	0.028050490883590462
3	CHEMBL3103868-CHEMBL3793267	70	247	10	1	1	0.7419354838709677
4	CHEMBL4450356-CHEMBL3648724	70	247	10	-1	-1	0.001402524544179523
5	CHEMBL573702-CHEMBL572784	70	247	10	-1	-1	0.0
6	CHEMBL573046-CHEMBL573702	70	247	10	-1	-1	0.0
7	CHEMBL576387-CHEMBL573463	70	247	10	-1	-1	0.001402524544179523
8	CHEMBL573475-CHEMBL573659	70	247	10	-1	-1	0.0
