	ids	cid	#tr	#ac_tr	trueY	predY	prob
0	CHEMBL2012000-CHEMBL2012001	14	126	7	-1	-1	0.0
1	CHEMBL2012000-CHEMBL2012002	14	126	7	-1	-1	0.0
2	CHEMBL2012002-CHEMBL2012001	14	126	7	-1	-1	0.0
3	CHEMBL260173-CHEMBL260635	14	126	7	-1	-1	0.14545454545454545
4	CHEMBL260174-CHEMBL260634	14	126	7	1	-1	0.18787878787878787
5	CHEMBL260634-CHEMBL260635	14	126	7	-1	-1	0.024242424242424242
6	CHEMBL3353630_CHEMBL3353631-CHEMBL3353634	14	126	7	-1	-1	0.020202020202020204
7	CHEMBL3799339-CHEMBL3797680	14	126	7	-1	-1	0.0
