	ids	cid	#tr	#ac_tr	trueY	predY	prob
0	CHEMBL248044-CHEMBL248221	2	45	3	-1	-1	0.2822085889570552
1	CHEMBL248044-CHEMBL248392	2	45	3	-1	-1	0.2822085889570552
