	ids	cid	#tr	#ac_tr	trueY	predY	prob
0	CHEMBL359424-CHEMBL144081	5	97	6	-1	-1	0.24324324324324326
1	CHEMBL2380397-CHEMBL2380399_CHEMBL2380405	5	97	6	1	-1	0.02702702702702703
2	CHEMBL2442880-CHEMBL2442891	5	97	6	-1	-1	0.0
