	ids	cid	#tr	#ac_tr	trueY	predY	prob
0	CHEMBL2171000-CHEMBL2170977	0	76	5	1	-1	0.21693121693121692
1	CHEMBL2170992-CHEMBL2171000	0	76	5	-1	-1	0.021164021164021163
2	CHEMBL2170992-CHEMBL2171001	0	76	5	-1	-1	0.04497354497354497
3	CHEMBL2171001-CHEMBL2171000	0	76	5	-1	-1	0.005291005291005291
4	CHEMBL2171180-CHEMBL2171182_CHEMBL556265	0	76	5	-1	-1	0.07142857142857142
