	ids	cid	#tr	#ac_tr	trueY	predY	prob
0	CHEMBL181548-CHEMBL182700	4	237	14	-1	-1	0.016474464579901153
1	CHEMBL185292-CHEMBL181548	4	237	14	-1	-1	0.023064250411861616
2	CHEMBL185292-CHEMBL181684	4	237	14	-1	-1	0.0
3	CHEMBL185292-CHEMBL182700	4	237	14	-1	-1	0.0
4	CHEMBL362567-CHEMBL187975	4	237	14	-1	-1	0.0
5	CHEMBL191052-CHEMBL188194	4	237	14	-1	-1	0.15980230642504117
6	CHEMBL363592-CHEMBL191052	4	237	14	-1	-1	0.07084019769357495
7	CHEMBL362567-CHEMBL363592	4	237	14	1	1	0.6507413509060955
