	ids	cid	#tr	#ac_tr	trueY	predY	prob
0	CHEMBL213662-CHEMBL215656	3	177	11	-1	-1	0.004161811546705087
1	CHEMBL244147-CHEMBL230752	3	177	11	1	-1	0.18853077008303643
2	CHEMBL2377801-CHEMBL2377802	3	177	11	-1	-1	0.002442754574899688
3	CHEMBL2377805-CHEMBL2377801	3	177	11	-1	-1	0.0038510613539592614
4	CHEMBL2377805-CHEMBL2377802	3	177	11	-1	-1	0.0025804133234637087
5	CHEMBL396554-CHEMBL244147	3	177	11	-1	-1	0.03407475585053358
6	CHEMBL397254-CHEMBL244147	3	177	11	-1	-1	0.05353762491346905
7	CHEMBL397415-CHEMBL387614	3	177	11	-1	-1	0.07653023658059498
8	CHEMBL4089378-CHEMBL4098207	3	177	11	-1	-1	0.030793083396789524
