{"train_num": 10, "batch_size": 128, "agg_depth": 1, "cuda": true, "gamma": 0.1, "ConvNum": 3, "dropout": 0.15000000000000002, "dim": 80.0, "step_num": 1, "DNNLayerNum": 4, "lr": 0.009180030161166917, "step_size": 10, "grad_node": 20, "node_list": [80, 60, 40, 20, 1]}