{"train_num": 10, "batch_size": 128, "agg_depth": 1, "cuda": true, "gamma": 0.1, "ConvNum": 2, "dropout": 0.15000000000000002, "dim": 100.0, "step_num": 1, "DNNLayerNum": 3, "lr": 0.0007035003769721477, "step_size": 10, "grad_node": 33, "node_list": [100, 67, 34, 1]}