{"train_num": 10, "batch_size": 128, "agg_depth": 1, "cuda": true, "gamma": 0.1, "ConvNum": 3, "dropout": 0.15000000000000002, "dim": 90.0, "step_num": 1, "DNNLayerNum": 8, "lr": 0.00021042746789392682, "step_size": 10, "grad_node": 11, "node_list": [90, 79, 68, 57, 46, 35, 24, 13, 1]}