{"train_num": 10, "batch_size": 128, "agg_depth": 1, "cuda": true, "gamma": 0.1, "ConvNum": 4, "dropout": 0.15000000000000002, "dim": 70.0, "step_num": 3, "DNNLayerNum": 3, "lr": 0.0003820753446395796, "step_size": 3, "grad_node": 23, "node_list": [70, 47, 24, 1]}