{"train_num": 10, "batch_size": 128, "agg_depth": 1, "cuda": true, "gamma": 0.1, "ConvNum": 4, "dropout": 0.15000000000000002, "dim": 80.0, "step_num": 1, "DNNLayerNum": 7, "lr": 0.00020542946021756762, "step_size": 10, "grad_node": 11, "node_list": [80, 69, 58, 47, 36, 25, 14, 1]}