{"train_num": 50, "batch_size": 128, "cuda": false, "device": "cpu", "gamma": 0.1, "nbits": 876, "drop_rate": 0.15000000000000002, "step_num": 3, "DNNLayerNum": 8, "adam_lr": 0.00010934314073807743, "step_size": 16, "grad_node": 109, "node_list": [876, 767, 658, 549, 440, 331, 222, 113, 1]}