{"train_num": 50, "batch_size": 128, "cuda": false, "device": "cpu", "gamma": 0.1, "nbits": 350, "drop_rate": 0.15000000000000002, "step_num": 1, "DNNLayerNum": 2, "adam_lr": 0.0031556897411612233, "step_size": 50, "grad_node": 175, "node_list": [350, 175, 1]}