{"train_num": 50, "batch_size": 128, "cuda": false, "device": "cpu", "gamma": 0.1, "nbits": 1841, "drop_rate": 0.15000000000000002, "step_num": 1, "DNNLayerNum": 2, "adam_lr": 0.0004897527636052952, "step_size": 50, "grad_node": 920, "node_list": [1841, 921, 1]}