{"train_num": 50, "batch_size": 128, "cuda": false, "device": "cpu", "gamma": 0.1, "nbits": 1293, "drop_rate": 0.15000000000000002, "step_num": 1, "DNNLayerNum": 8, "adam_lr": 0.00016455082100801183, "step_size": 50, "grad_node": 161, "node_list": [1293, 1132, 971, 810, 649, 488, 327, 166, 1]}