{"train_num": 50, "batch_size": 128, "cuda": false, "device": "cpu", "gamma": 0.1, "nbits": 759, "drop_rate": 0.15000000000000002, "step_num": 1, "DNNLayerNum": 5, "adam_lr": 0.0009374176322368559, "step_size": 50, "grad_node": 151, "node_list": [759, 608, 457, 306, 155, 1]}