{"train_num": 50, "batch_size": 128, "cuda": false, "device": "cpu", "gamma": 0.1, "nbits": 263, "drop_rate": 0.15000000000000002, "step_num": 1, "DNNLayerNum": 6, "adam_lr": 0.0036810076068704034, "step_size": 50, "grad_node": 43, "node_list": [263, 220, 177, 134, 91, 48, 1]}