{"train_num": 50, "batch_size": 128, "cuda": false, "device": "cpu", "gamma": 0.1, "nbits": 1021, "drop_rate": 0.15000000000000002, "step_num": 1, "DNNLayerNum": 4, "adam_lr": 0.0008020612504080115, "step_size": 50, "grad_node": 255, "node_list": [1021, 766, 511, 256, 1]}