{"train_num": 50, "batch_size": 128, "cuda": false, "device": "cpu", "gamma": 0.1, "nbits": 611, "drop_rate": 0.15000000000000002, "step_num": 2, "DNNLayerNum": 6, "adam_lr": 0.00819351583725727, "step_size": 25, "grad_node": 101, "node_list": [611, 510, 409, 308, 207, 106, 1]}