{"train_num": 50, "batch_size": 128, "cuda": false, "device": "cpu", "gamma": 0.1, "nbits": 2844, "drop_rate": 0.15000000000000002, "step_num": 2, "DNNLayerNum": 3, "adam_lr": 0.0001052257227490808, "step_size": 25, "grad_node": 948, "node_list": [2844, 1896, 948, 1]}