{"train_num": 50, "batch_size": 128, "cuda": false, "device": "cpu", "gamma": 0.1, "nbits": 508, "drop_rate": 0.15000000000000002, "step_num": 3, "DNNLayerNum": 8, "adam_lr": 0.00010287325207930284, "step_size": 16, "grad_node": 63, "node_list": [508, 445, 382, 319, 256, 193, 130, 67, 1]}