{"train_num": 50, "batch_size": 128, "cuda": false, "device": "cpu", "gamma": 0.1, "nbits": 3832, "drop_rate": 0.15000000000000002, "step_num": 1, "DNNLayerNum": 3, "adam_lr": 0.0010141672060205108, "step_size": 50, "grad_node": 1277, "node_list": [3832, 2555, 1278, 1]}