{"train_num": 50, "batch_size": 128, "cuda": false, "device": "cpu", "gamma": 0.1, "nbits": 263, "drop_rate": 0.15000000000000002, "step_num": 1, "DNNLayerNum": 8, "adam_lr": 0.009929021709084003, "step_size": 50, "grad_node": 32, "node_list": [263, 231, 199, 167, 135, 103, 71, 39, 1]}