{"train_num": 50, "batch_size": 128, "cuda": false, "device": "cpu", "gamma": 0.1, "nbits": 572, "drop_rate": 0.15000000000000002, "step_num": 3, "DNNLayerNum": 8, "adam_lr": 0.00013717451102822188, "step_size": 16, "grad_node": 71, "node_list": [572, 501, 430, 359, 288, 217, 146, 75, 1]}