{"train_num": 50, "batch_size": 128, "cuda": false, "device": "cpu", "gamma": 0.1, "nbits": 929, "drop_rate": 0.15000000000000002, "step_num": 2, "DNNLayerNum": 8, "adam_lr": 0.0030898445474621546, "step_size": 25, "grad_node": 116, "node_list": [929, 813, 697, 581, 465, 349, 233, 117, 1]}