{"train_num": 50, "batch_size": 128, "cuda": false, "device": "cpu", "gamma": 0.1, "nbits": 695, "drop_rate": 0.15000000000000002, "step_num": 2, "DNNLayerNum": 5, "adam_lr": 0.007774727060687925, "step_size": 25, "grad_node": 139, "node_list": [695, 556, 417, 278, 139, 1]}