{"train_num": 50, "batch_size": 128, "cuda": false, "device": "cpu", "gamma": 0.1, "nbits": 858, "drop_rate": 0.15000000000000002, "step_num": 1, "DNNLayerNum": 4, "adam_lr": 0.008095221207544369, "step_size": 50, "grad_node": 214, "node_list": [858, 644, 430, 216, 1]}