{"train_num": 50, "batch_size": 128, "cuda": false, "device": "cpu", "gamma": 0.1, "nbits": 2939, "drop_rate": 0.15000000000000002, "step_num": 3, "DNNLayerNum": 4, "adam_lr": 0.004009247998742577, "step_size": 16, "grad_node": 734, "node_list": [2939, 2205, 1471, 737, 1]}