{"train_num": 50, "batch_size": 128, "cuda": false, "device": "cpu", "gamma": 0.1, "nbits": 2124, "drop_rate": 0.15000000000000002, "step_num": 1, "DNNLayerNum": 3, "adam_lr": 0.00047301515937339347, "step_size": 50, "grad_node": 708, "node_list": [2124, 1416, 708, 1]}