{"train_num": 50, "batch_size": 128, "cuda": false, "device": "cpu", "gamma": 0.1, "nbits": 1029, "drop_rate": 0.15000000000000002, "step_num": 1, "DNNLayerNum": 5, "adam_lr": 0.00015232289181147377, "step_size": 50, "grad_node": 205, "node_list": [1029, 824, 619, 414, 209, 1]}