{"train_num": 50, "batch_size": 128, "cuda": false, "device": "cpu", "gamma": 0.1, "nbits": 1552, "drop_rate": 0.15000000000000002, "step_num": 3, "DNNLayerNum": 6, "adam_lr": 0.0004281566038654154, "step_size": 16, "grad_node": 258, "node_list": [1552, 1294, 1036, 778, 520, 262, 1]}