{"train_num": 50, "batch_size": 128, "cuda": false, "device": "cpu", "gamma": 0.1, "nbits": 968, "drop_rate": 0.15000000000000002, "step_num": 2, "DNNLayerNum": 3, "adam_lr": 0.005198952298826218, "step_size": 25, "grad_node": 322, "node_list": [968, 646, 324, 1]}