{"train_num": 50, "batch_size": 128, "cuda": false, "device": "cpu", "gamma": 0.1, "nbits": 1050, "drop_rate": 0.15000000000000002, "step_num": 3, "DNNLayerNum": 5, "adam_lr": 0.0027705512147171768, "step_size": 16, "grad_node": 210, "node_list": [1050, 840, 630, 420, 210, 1]}