{"train_num": 50, "batch_size": 128, "cuda": false, "device": "cpu", "gamma": 0.1, "nbits": 350, "drop_rate": 0.15000000000000002, "step_num": 3, "DNNLayerNum": 2, "adam_lr": 0.004634204367649401, "step_size": 16, "grad_node": 175, "node_list": [350, 175, 1]}