{"train_num": 50, "batch_size": 128, "cuda": false, "device": "cpu", "gamma": 0.1, "nbits": 771, "drop_rate": 0.15000000000000002, "step_num": 1, "DNNLayerNum": 5, "adam_lr": 0.004836391125293642, "step_size": 50, "grad_node": 154, "node_list": [771, 617, 463, 309, 155, 1]}