{"train_num": 50, "batch_size": 128, "cuda": false, "device": "cpu", "gamma": 0.1, "nbits": 224, "drop_rate": 0.15000000000000002, "step_num": 2, "DNNLayerNum": 7, "adam_lr": 0.0002482833922307236, "step_size": 25, "grad_node": 32, "node_list": [224, 192, 160, 128, 96, 64, 32, 1]}