{"train_num": 50, "batch_size": 128, "cuda": false, "device": "cpu", "gamma": 0.1, "nbits": 711, "drop_rate": 0.15000000000000002, "step_num": 1, "DNNLayerNum": 4, "adam_lr": 0.0008507149644830311, "step_size": 50, "grad_node": 177, "node_list": [711, 534, 357, 180, 1]}