{"train_num": 50, "batch_size": 128, "cuda": false, "device": "cpu", "gamma": 0.1, "nbits": 350, "drop_rate": 0.15000000000000002, "step_num": 2, "DNNLayerNum": 6, "adam_lr": 0.0004064257328909685, "step_size": 25, "grad_node": 58, "node_list": [350, 292, 234, 176, 118, 60, 1]}