{"train_num": 50, "batch_size": 128, "cuda": false, "device": "cpu", "gamma": 0.1, "nbits": 611, "drop_rate": 0.15000000000000002, "step_num": 1, "DNNLayerNum": 8, "adam_lr": 0.006590800661980239, "step_size": 50, "grad_node": 76, "node_list": [611, 535, 459, 383, 307, 231, 155, 79, 1]}