{"train_num": 50, "batch_size": 128, "cuda": false, "device": "cpu", "gamma": 0.1, "nbits": 2140, "drop_rate": 0.15000000000000002, "step_num": 2, "DNNLayerNum": 7, "adam_lr": 0.0003958391571337813, "step_size": 25, "grad_node": 305, "node_list": [2140, 1835, 1530, 1225, 920, 615, 310, 1]}