{"train_num": 50, "batch_size": 128, "cuda": false, "device": "cpu", "gamma": 0.1, "nbits": 1455, "drop_rate": 0.15000000000000002, "step_num": 1, "DNNLayerNum": 5, "adam_lr": 0.0007503480718950839, "step_size": 50, "grad_node": 291, "node_list": [1455, 1164, 873, 582, 291, 1]}