{"train_num": 50, "batch_size": 128, "cuda": false, "device": "cpu", "gamma": 0.1, "nbits": 126, "drop_rate": 0.15000000000000002, "step_num": 1, "DNNLayerNum": 4, "adam_lr": 0.006637561154704494, "step_size": 50, "grad_node": 31, "node_list": [126, 95, 64, 33, 1]}