{"train_num": 50, "batch_size": 128, "cuda": false, "device": "cpu", "gamma": 0.1, "nbits": 667, "drop_rate": 0.15000000000000002, "step_num": 3, "DNNLayerNum": 3, "adam_lr": 0.0012961212898749842, "step_size": 16, "grad_node": 222, "node_list": [667, 445, 223, 1]}