{"train_num": 50, "batch_size": 128, "cuda": false, "device": "cpu", "gamma": 0.1, "nbits": 1130, "drop_rate": 0.15000000000000002, "step_num": 1, "DNNLayerNum": 3, "adam_lr": 0.0002314860712666026, "step_size": 50, "grad_node": 376, "node_list": [1130, 754, 378, 1]}