{"train_num": 50, "batch_size": 128, "cuda": false, "device": "cpu", "gamma": 0.1, "nbits": 419, "drop_rate": 0.15000000000000002, "step_num": 3, "DNNLayerNum": 3, "adam_lr": 0.0024856442622501144, "step_size": 16, "grad_node": 139, "node_list": [419, 280, 141, 1]}