{"train_num": 50, "batch_size": 128, "cuda": false, "device": "cpu", "gamma": 0.1, "nbits": 1455, "drop_rate": 0.15000000000000002, "step_num": 1, "DNNLayerNum": 3, "adam_lr": 0.007580055696198904, "step_size": 50, "grad_node": 485, "node_list": [1455, 970, 485, 1]}