	ids	loop	#tr	#ac_tr	trueY	predY	prob
0	CHEMBL1083780-CHEMBL1085038	26	211	14	0	0.0	0.377918004989624
1	CHEMBL1083780-CHEMBL1085409	26	211	14	0	0.0	0.38317349553108215
2	CHEMBL1085852-CHEMBL1083782	26	211	14	1	0.0	0.40105539560317993
3	CHEMBL1085038-CHEMBL1084711	26	211	14	0	0.0	0.4006573557853699
4	CHEMBL1085120-CHEMBL1084711	26	211	14	0	0.0	0.41619011759757996
5	CHEMBL1085409-CHEMBL1084711	26	211	14	1	0.0	0.41724810004234314
6	CHEMBL1085120-CHEMBL1085038	26	211	14	0	0.0	0.3787738084793091
7	CHEMBL1085120-CHEMBL1085409	26	211	14	1	0.0	0.38434168696403503
8	CHEMBL433946-CHEMBL443796	26	211	14	0	0.0	0.39503470063209534
