	ids	loop	#tr	#ac_tr	trueY	predY	prob
0	CHEMBL1082508-CHEMBL1083481	6	196	11	1	0.0	0.01750544086098671
1	CHEMBL1085120-CHEMBL1082508	6	196	11	0	0.0	0.006425082217901945
2	CHEMBL1082508-CHEMBL1086113	6	196	11	0	0.0	0.03993327543139458
3	CHEMBL1082508-CHEMBL1086476	6	196	11	0	0.0	0.004186211619526148
4	CHEMBL1082510-CHEMBL1086476	6	196	11	0	0.0	0.001185153378173709
5	CHEMBL1085120-CHEMBL1083481	6	196	11	1	0.0	0.0021897449623793364
6	CHEMBL1086113-CHEMBL1083481	6	196	11	1	0.0	0.009796671569347382
7	CHEMBL1084335-CHEMBL1086476	6	196	11	0	0.0	0.0015716246562078595
8	CHEMBL1085120-CHEMBL1086113	6	196	11	0	0.0	0.0056283725425601006
