	ids	cid	#tr	#ac_tr	trueY	predY	prob
0	CHEMBL184127-CHEMBL184260	1	69	4	1	1	0.9066160608321225
1	CHEMBL2112348-CHEMBL2112347	1	69	4	-1	1	0.905977421075513
