	ids	cid	#tr	#ac_tr	trueY	predY	prob
0	CHEMBL4632422-CHEMBL4633640	36	77	4	-1	1	0.12362566552379195
1	CHEMBL4632422-CHEMBL4641303	36	77	4	-1	-1	-0.3187566386581974
2	CHEMBL4633640-CHEMBL4641303	36	77	4	-1	-1	-0.20020046622183052
