	ids	cid	#tr	#ac_tr	trueY	predY	prob
0	CHEMBL4097869-CHEMBL4070752	17	55	5	-1	-1	-0.8250846484595211
1	CHEMBL4082881-CHEMBL4073436	17	55	5	-1	-1	-0.17473726392768396
2	CHEMBL4097987-CHEMBL4073436	17	55	5	-1	1	0.06948447726183038
3	CHEMBL4097987-CHEMBL4082881	17	55	5	-1	-1	-0.4261156062979319
4	CHEMBL4097987-CHEMBL4088098	17	55	5	-1	-1	-0.8365837418219416
