	ids	cid	#tr	#ac_tr	trueY	predY	prob
0	CHEMBL4277000-CHEMBL4278724	6	142	6	-1	1	0.7746183189856919
1	CHEMBL4277000-CHEMBL4279559	6	142	6	-1	1	0.7773821653564127
2	CHEMBL4277000-CHEMBL4290224	6	142	6	-1	1	0.7770851623561928
3	CHEMBL4279559-CHEMBL4278724	6	142	6	-1	1	0.7869917833851768
4	CHEMBL4290224-CHEMBL4279559	6	142	6	-1	1	0.7645202963063819
