	ids	cid	#tr	#ac_tr	trueY	predY	prob
0	CHEMBL3099893-CHEMBL3099894	2	89	6	-1	-1	-0.9081245825382318
1	CHEMBL3394833-CHEMBL3394834	2	89	6	-1	-1	-0.9197832356269846
2	CHEMBL3585939-CHEMBL3585944	2	89	6	-1	-1	-0.755257748126059
3	CHEMBL3585951-CHEMBL3585939	2	89	6	1	-1	-0.5658661526191779
4	CHEMBL3586425_CHEMBL3646170-CHEMBL3586431_CHEMBL3649099	2	89	6	-1	-1	-0.879080677263306
