	ids	cid	#tr	#ac_tr	trueY	predY	prob
0	CHEMBL70848-CHEMBL308566	5	85	4	1	1	0.797209983988235
1	CHEMBL308566-CHEMBL72408	5	85	4	-1	1	0.8157209421853122
2	CHEMBL72551-CHEMBL308566	5	85	4	-1	1	0.8005609124765231
3	CHEMBL70848-CHEMBL72551	5	85	4	-1	1	0.8018639523938038
4	CHEMBL72551-CHEMBL72408	5	85	4	-1	1	0.8000913513216519
