	ids	cid	#tr	#ac_tr	trueY	predY	prob
0	CHEMBL3740976-CHEMBL3739510	10	87	5	-1	-1	-0.9639010850847766
1	CHEMBL3740873-CHEMBL3742392	10	87	5	-1	-1	-0.9715267710065819
2	CHEMBL3742398-CHEMBL3740976	10	87	5	1	-1	-0.9449236812029878
3	CHEMBL3742398-CHEMBL3742392	10	87	5	-1	-1	-0.9777704835551567
