	ids	cid	#tr	#ac_tr	trueY	predY	prob
0	CHEMBL4448398-CHEMBL2346974	12	77	3	1	-1	-0.9206946039565432
1	CHEMBL4217818-CHEMBL4208129	12	77	3	-1	-1	-0.9078604621391244
2	CHEMBL4444993-CHEMBL4469831	12	77	3	-1	-1	-0.9970215124643238
3	CHEMBL4470615-CHEMBL4444993	12	77	3	-1	-1	-0.7060173772814782
4	CHEMBL4456035-CHEMBL4453380	12	77	3	-1	-1	-0.9607962303948498
5	CHEMBL4526101-CHEMBL4453380	12	77	3	-1	-1	-0.960032774364187
6	CHEMBL4456035-CHEMBL4526101	12	77	3	-1	-1	-0.9558830245465296
7	CHEMBL4470615-CHEMBL4469831	12	77	3	-1	-1	-0.34448750894062474
