	ids	cid	#tr	#ac_tr	trueY	predY	prob
0	CHEMBL215864-CHEMBL213272	8	105	4	-1	-1	-0.9529606691132168
1	CHEMBL3609147-CHEMBL3609148	8	105	4	-1	-1	-0.9661928879315529
2	CHEMBL3735756-CHEMBL3813726	8	105	4	-1	-1	-0.6277791636657795
3	CHEMBL3814485-CHEMBL3735756	8	105	4	-1	-1	-0.9111974154082094
4	CHEMBL3814708-CHEMBL3735756	8	105	4	-1	-1	-0.8403325882217111
5	CHEMBL3814708-CHEMBL3813726	8	105	4	1	-1	-0.14861427523315718
6	CHEMBL3814485-CHEMBL3814708	8	105	4	-1	-1	-1.0739186193424775
