	ids	cid	#tr	#ac_tr	trueY	predY	prob
0	CHEMBL21-CHEMBL4562842	1	265	23	-1	-1	-0.8808451111784097
1	CHEMBL3897472-CHEMBL3986308	1	265	23	-1	-1	-0.9010875674438896
2	CHEMBL4216620-CHEMBL4216120	1	265	23	-1	-1	-0.5735329883073992
3	CHEMBL4469501-CHEMBL4446872	1	265	23	-1	-1	-1.405104154389151
4	CHEMBL4586855-CHEMBL4446872	1	265	23	-1	-1	-1.4688064327488615
5	CHEMBL4469501-CHEMBL4586855	1	265	23	-1	-1	-1.2314348828366861
