	ids	cid	#tr	#ac_tr	trueY	predY	prob
0	CHEMBL180201-CHEMBL180632	29	144	5	-1	-1	-0.6235649745834708
1	CHEMBL180201-CHEMBL424790	29	144	5	-1	-1	-0.6815053273837934
2	CHEMBL180632-CHEMBL424790	29	144	5	-1	-1	-0.8532878920969874
