	ids	cid	#tr	#ac_tr	trueY	predY	prob
0	CHEMBL3127912-CHEMBL3128021	0	70	3	-1	1	0.8079291371896382
1	CHEMBL3127912-CHEMBL3128026	0	70	3	-1	1	0.8019559655494002
2	CHEMBL3127912-CHEMBL3128027	0	70	3	-1	1	0.805316475009897
3	CHEMBL3128026-CHEMBL3128021	0	70	3	-1	1	0.8047364459424665
4	CHEMBL3128027-CHEMBL3128021	0	70	3	1	1	0.8073433286452237
5	CHEMBL3128026-CHEMBL3128027	0	70	3	-1	1	0.8054947575847163
