	ids	cid	#tr	#ac_tr	trueY	predY	prob
0	CHEMBL111302-CHEMBL194206	22	114	5	-1	-1	-1.2065979128888953
1	CHEMBL170192-CHEMBL173656	22	114	5	-1	-1	-0.924027168537364
2	CHEMBL170192-CHEMBL353256	22	114	5	1	-1	-0.984935653660497
3	CHEMBL173656-CHEMBL353256	22	114	5	-1	-1	-0.9440654708155516
4	CHEMBL282693-CHEMBL20963	22	114	5	-1	-1	-0.6946373229029588
