	ids	cid	#tr	#ac_tr	trueY	predY	prob
0	CHEMBL1629808-CHEMBL288280	1	248	12	-1	-1	-1.0931978063167973
1	CHEMBL312214-CHEMBL1629808	1	248	12	1	-1	-1.2611328660861578
2	CHEMBL1775041-CHEMBL1775036	1	248	12	-1	-1	-1.2260146250719945
3	CHEMBL2397810-CHEMBL2397804	1	248	12	1	-1	-0.8383320360950186
4	CHEMBL473726-CHEMBL288280	1	248	12	-1	-1	-1.2258462772365792
5	CHEMBL3394082-CHEMBL3393986	1	248	12	-1	-1	-1.2268904261951215
6	CHEMBL473103-CHEMBL508027	1	248	12	-1	-1	-1.290506533171798
7	CHEMBL473923-CHEMBL473726	1	248	12	-1	-1	-1.0985347823434948
