	ids	cid	#tr	#ac_tr	trueY	predY	prob
0	CHEMBL2153489-CHEMBL3604958	11	136	5	-1	-1	-0.5218318198043349
1	CHEMBL2153490-CHEMBL3604958	11	136	5	-1	-1	-0.5064341164143998
2	CHEMBL3578113-CHEMBL3578111	11	136	5	-1	-1	-0.8802400217048719
3	CHEMBL3578113-CHEMBL3578115	11	136	5	1	-1	-0.7168559559469104
