	ids	cid	#tr	#ac_tr	trueY	predY	prob
0	CHEMBL316864-CHEMBL100702	3	193	12	-1	-1	-0.8050703433161079
1	CHEMBL1836517-CHEMBL1836469	3	193	12	-1	-1	-0.9522172562306341
2	CHEMBL199214-CHEMBL198802	3	193	12	-1	-1	-0.8722371147155087
3	CHEMBL200672-CHEMBL198802	3	193	12	-1	-1	-0.730249871780569
4	CHEMBL200672-CHEMBL199214	3	193	12	-1	-1	-0.7328189727286551
5	CHEMBL4519086-CHEMBL4434867	3	193	12	-1	-1	-0.870970189575685
