	ids	cid	#tr	#ac_tr	trueY	predY	prob
0	CHEMBL1834419-CHEMBL1834418	1	58	6	-1	-1	-0.7605719288246714
1	CHEMBL26058-CHEMBL24595	1	58	6	-1	-1	-0.7107500289522057
2	CHEMBL357675-CHEMBL515390	1	58	6	-1	-1	-0.7184071272673197
