	ids	cid	#tr	#ac_tr	trueY	predY	prob
0	CHEMBL4279559-CHEMBL4285615	11	162	6	-1	-1	-0.943204355056838
1	CHEMBL4549162-CHEMBL4590202	11	162	6	-1	-1	-0.8837111307312145
2	CHEMBL4590219-CHEMBL4590202	11	162	6	1	-1	-0.9224127948226177
