	ids	cid	#tr	#ac_tr	trueY	predY	prob
0	CHEMBL2434989-CHEMBL2436955	3	108	8	-1	-1	-0.9777548096213174
1	CHEMBL4080904-CHEMBL4093872	3	108	8	-1	-1	-0.969331934209113
2	CHEMBL4097446-CHEMBL4080904	3	108	8	-1	-1	-0.9683312635809899
3	CHEMBL4097446-CHEMBL4093872	3	108	8	-1	-1	-0.9687736971861108
4	CHEMBL4097446-CHEMBL4099854	3	108	8	-1	-1	-0.9731147607130253
