	ids	cid	#tr	#ac_tr	trueY	predY	prob
0	CHEMBL1083780-CHEMBL1085038	26	211	14	-1	-1	-0.9861022470953257
1	CHEMBL1083780-CHEMBL1085409	26	211	14	-1	-1	-0.769310447511409
2	CHEMBL1085852-CHEMBL1083782	26	211	14	1	-1	-1.0378409065737628
3	CHEMBL1085038-CHEMBL1084711	26	211	14	-1	-1	-0.7540747447226779
4	CHEMBL1085120-CHEMBL1084711	26	211	14	-1	-1	-0.8785890804329519
5	CHEMBL1085409-CHEMBL1084711	26	211	14	1	-1	-0.6976081130435348
6	CHEMBL1085120-CHEMBL1085038	26	211	14	-1	-1	-0.9810667799676938
7	CHEMBL1085120-CHEMBL1085409	26	211	14	1	-1	-0.7682163039644662
8	CHEMBL433946-CHEMBL443796	26	211	14	-1	-1	-0.7488321416472943
