	ids	cid	#tr	#ac_tr	trueY	predY	prob
0	CHEMBL2385483-CHEMBL2385487	2	139	15	-1	-1	-0.8234541580346775
1	CHEMBL3758501_CHEMBL3758757-CHEMBL3759003	2	139	15	-1	-1	-0.701384493411962
2	CHEMBL596300-CHEMBL593017	2	139	15	-1	1	0.03087677779873199
3	CHEMBL606155-CHEMBL593017	2	139	15	-1	-1	-0.702113379685817
4	CHEMBL596304-CHEMBL593258	2	139	15	-1	-1	-0.48833360492271183
5	CHEMBL596071-CHEMBL596302	2	139	15	-1	-1	-1.057163780532159
6	CHEMBL606155-CHEMBL596300	2	139	15	-1	-1	-0.687301211952199
