	ids	cid	#tr	#ac_tr	trueY	predY	prob
0	CHEMBL2396674_CHEMBL2398478_CHEMBL3665579_CHEMBL3665580_CHEMBL4537250-CHEMBL2398472_CHEMBL578028	4	82	4	-1	-1	-0.8885489675764691
1	CHEMBL2396674_CHEMBL2398478_CHEMBL3665579_CHEMBL3665580_CHEMBL4537250-CHEMBL2398473_CHEMBL2398474_CHEMBL4113856	4	82	4	-1	-1	-0.7859931931978865
2	CHEMBL2396674_CHEMBL2398478_CHEMBL3665579_CHEMBL3665580_CHEMBL4537250-CHEMBL2398479_CHEMBL3704505	4	82	4	-1	-1	-0.917640811033821
3	CHEMBL2398473_CHEMBL2398474_CHEMBL4113856-CHEMBL2398472_CHEMBL578028	4	82	4	-1	-1	-0.6926782814932321
4	CHEMBL2398479_CHEMBL3704505-CHEMBL2398472_CHEMBL578028	4	82	4	-1	-1	-0.8355891059027681
5	CHEMBL2398479_CHEMBL3704505-CHEMBL2398473_CHEMBL2398474_CHEMBL4113856	4	82	4	-1	-1	-0.8276616024510672
6	CHEMBL3916402_CHEMBL4064410_CHEMBL4092120-CHEMBL3355421	4	82	4	-1	-1	-0.9731874237780327
