	ids	cid	#tr	#ac_tr	trueY	predY	prob
0	CHEMBL4059904_CHEMBL4079783-CHEMBL4069022_CHEMBL4095362	16	72	5	-1	-1	-0.7918007611259394
1	CHEMBL4059904_CHEMBL4079783-CHEMBL4076937	16	72	5	-1	-1	-1.0781184205660843
2	CHEMBL4078833-CHEMBL4059904_CHEMBL4079783	16	72	5	1	-1	-1.1547638690925144
3	CHEMBL4075754-CHEMBL4069022_CHEMBL4095362	16	72	5	-1	-1	-1.0001149161476595
4	CHEMBL4069022_CHEMBL4095362-CHEMBL4076937	16	72	5	-1	-1	-0.9039273256547787
5	CHEMBL4075754-CHEMBL4076937	16	72	5	-1	-1	-1.1169432775170156
6	CHEMBL4075754-CHEMBL4078833	16	72	5	-1	-1	-1.2734306490547538
