	ids	cid	#tr	#ac_tr	trueY	predY	prob
0	CHEMBL1224033-CHEMBL1224031	6	111	7	-1	-1	-0.9472655511518008
1	CHEMBL1224035-CHEMBL1224031	6	111	7	-1	-1	-0.9410114192693324
2	CHEMBL1224033-CHEMBL1224035	6	111	7	-1	-1	-0.9208951741207643
3	CHEMBL426317-CHEMBL2413154	6	111	7	-1	-1	-0.9169593977538072
4	CHEMBL3815066-CHEMBL3813796	6	111	7	-1	-1	-0.8197563651617247
5	CHEMBL3814485-CHEMBL3815066	6	111	7	-1	-1	-1.0428924496719063
6	CHEMBL476839-CHEMBL402143_CHEMBL515472	6	111	7	-1	-1	-0.9742180244555443
