	ids	cid	#tr	#ac_tr	trueY	predY	prob
0	CHEMBL207539-CHEMBL206935	3	223	14	-1	-1	-0.7090163973968346
1	CHEMBL206935-CHEMBL208241	3	223	14	-1	-1	-0.4525017456413896
2	CHEMBL206935-CHEMBL424868	3	223	14	-1	-1	-0.5610165335992781
3	CHEMBL207539-CHEMBL208241	3	223	14	-1	-1	-0.6158480631175157
4	CHEMBL208241-CHEMBL424868	3	223	14	-1	-1	-0.8723100410052718
5	CHEMBL232750-CHEMBL232946	3	223	14	-1	-1	-0.9169678949149906
