	ids	cid	#tr	#ac_tr	trueY	predY	prob
0	CHEMBL183993-CHEMBL189415	14	38	4	-1	-1	-0.9861789145403372
1	CHEMBL188785-CHEMBL186606	14	38	4	-1	-1	-0.9837847507227546
2	CHEMBL2177162-CHEMBL2177159	14	38	4	-1	-1	-0.9883804510475183
3	CHEMBL2177163-CHEMBL2177159	14	38	4	-1	-1	-0.9881497316874714
4	CHEMBL2177165-CHEMBL2177159	14	38	4	-1	-1	-0.9879344678084345
5	CHEMBL2177162-CHEMBL2177165	14	38	4	-1	-1	-0.9815850450780571
6	CHEMBL2177163-CHEMBL2177165	14	38	4	-1	-1	-0.9815850450780571
