	ids	cid	#tr	#ac_tr	trueY	predY	prob
0	CHEMBL277378-CHEMBL217769	3	185	6	-1	-1	-0.9537594605217845
1	CHEMBL237472-CHEMBL3706926	3	185	6	-1	-1	-0.5787454204102735
2	CHEMBL3706929-CHEMBL237472	3	185	6	1	-1	-0.49304166423906726
3	CHEMBL266282-CHEMBL8394	3	185	6	-1	-1	-0.9107922732483287
4	CHEMBL519450-CHEMBL481514	3	185	6	-1	-1	-0.9406810987017703
5	CHEMBL481514-CHEMBL520603	3	185	6	-1	-1	-0.9446150991687252
6	CHEMBL519780-CHEMBL481939	3	185	6	-1	-1	-0.9471363446821547
7	CHEMBL519450-CHEMBL519780	3	185	6	-1	-1	-0.9651748293322348
