	ids	cid	#tr	#ac_tr	trueY	predY	prob
0	CHEMBL4649094-CHEMBL4632527	2	104	8	-1	-1	-0.38610479667111347
1	CHEMBL4649094-CHEMBL4634072	2	104	8	-1	-1	-0.612810410630465
2	CHEMBL4647081-CHEMBL4646438	2	104	8	-1	-1	-0.7655954983711654
3	CHEMBL4646438-CHEMBL4648158	2	104	8	-1	-1	-0.5811400086788815
4	CHEMBL4647081-CHEMBL4648158	2	104	8	-1	-1	-0.7008259265463386
