	ids	cid	#tr	#ac_tr	trueY	predY	prob
0	CHEMBL435913-CHEMBL199214	13	215	5	-1	1	0.573244016834449
1	CHEMBL200708-CHEMBL200602	13	215	5	-1	1	0.5899780627466844
2	CHEMBL2153167-CHEMBL2153169	13	215	5	-1	1	0.5909945108977992
3	CHEMBL286364_CHEMBL31674-CHEMBL382286	13	215	5	-1	1	0.5917630164179216
4	CHEMBL286364_CHEMBL31674-CHEMBL433985	13	215	5	-1	1	0.591638760553568
5	CHEMBL381940-CHEMBL380832	13	215	5	-1	1	0.5865650419700796
6	CHEMBL383119-CHEMBL380832	13	215	5	1	1	0.5875189901688822
7	CHEMBL381940-CHEMBL383119	13	215	5	1	1	0.5909126548916337
8	CHEMBL433985-CHEMBL382286	13	215	5	-1	1	0.5919778892830564
