	ids	cid	#tr	#ac_tr	trueY	predY	prob
0	CHEMBL4648060-CHEMBL4129018	2	145	8	-1	-1	-0.9612157343411337
1	CHEMBL477582-CHEMBL476543	2	145	8	-1	-1	-1.0262002921728972
2	CHEMBL479258-CHEMBL476543	2	145	8	1	-1	-0.06924805812854751
3	CHEMBL476552-CHEMBL477190	2	145	8	1	-1	-1.0643698432545803
4	CHEMBL477997-CHEMBL479257	2	145	8	-1	-1	-1.111383492222081
5	CHEMBL477997-CHEMBL479258	2	145	8	-1	-1	-0.09242982090215235
6	CHEMBL478649-CHEMBL516264	2	145	8	-1	-1	-0.01087844309035535
7	CHEMBL479258-CHEMBL479257	2	145	8	-1	-1	-0.33338626935457705
