	ids	cid	#tr	#ac_tr	trueY	predY	prob
0	CHEMBL476507-CHEMBL476111	1	143	8	1	-1	-1.0025377150401347
1	CHEMBL476533-CHEMBL477582	1	143	8	-1	-1	-0.9541622329398131
2	CHEMBL477182-CHEMBL478656	1	143	8	-1	-1	-0.5640835872346597
3	CHEMBL514207-CHEMBL477182	1	143	8	-1	-1	-1.1373969968980082
4	CHEMBL515318-CHEMBL477182	1	143	8	-1	-1	-1.0649031266411384
5	CHEMBL514207-CHEMBL478656	1	143	8	-1	-1	-0.6331559835078301
6	CHEMBL515318-CHEMBL478656	1	143	8	-1	-1	-0.60567935612692
7	CHEMBL494305-CHEMBL522689	1	143	8	-1	-1	-1.1681325526483641
8	CHEMBL515318-CHEMBL514207	1	143	8	-1	-1	-0.9155654931852155
