	ids	cid	#tr	#ac_tr	trueY	predY	prob
0	CHEMBL178669-CHEMBL179833	22	130	5	-1	-1	-1.4861589262925556
1	CHEMBL178669-CHEMBL180830	22	130	5	-1	-1	-1.371822001674691
2	CHEMBL178669-CHEMBL181202	22	130	5	-1	-1	-1.8385595425729693
3	CHEMBL180830-CHEMBL179833	22	130	5	-1	-1	-1.4433411602688033
4	CHEMBL181202-CHEMBL179833	22	130	5	-1	-1	-1.649266223540634
5	CHEMBL180830-CHEMBL181202	22	130	5	-1	-1	-1.6638635310320986
6	CHEMBL3093187-CHEMBL2181166	22	130	5	-1	-1	-1.3963547644408507
