	ids	cid	#tr	#ac_tr	trueY	predY	prob
0	CHEMBL2180122-CHEMBL3290675	2	88	6	-1	-1	-0.9160260448812377
1	CHEMBL2398472_CHEMBL578028-CHEMBL409889	2	88	6	1	-1	-1.0297975405243567
2	CHEMBL2398472_CHEMBL578028-CHEMBL575121	2	88	6	-1	-1	-1.0021365047251338
3	CHEMBL3355416_CHEMBL3986151-CHEMBL4102205	2	88	6	-1	-1	-0.39294458657801845
4	CHEMBL3355416_CHEMBL3986151-CHEMBL4103467	2	88	6	-1	-1	-0.730279438383393
5	CHEMBL4067591-CHEMBL4100837	2	88	6	-1	-1	-0.8133070025616439
6	CHEMBL4102205-CHEMBL4103467	2	88	6	-1	-1	-0.43149255274784065
