	ids	cid	#tr	#ac_tr	trueY	predY	prob
0	CHEMBL2392491-CHEMBL2392488	2	99	5	1	-1	-0.9045965142124629
1	CHEMBL2420821-CHEMBL2420832	2	99	5	-1	-1	-0.6794059757216264
2	CHEMBL2420821-CHEMBL2420835	2	99	5	-1	-1	-0.6068178712053676
3	CHEMBL2420821-CHEMBL2420839	2	99	5	-1	-1	-0.6510266095606831
4	CHEMBL2420832-CHEMBL2420835	2	99	5	-1	-1	-0.6717025852780948
5	CHEMBL2420832-CHEMBL2420839	2	99	5	-1	-1	-0.7198323030032505
6	CHEMBL2420835-CHEMBL2420839	2	99	5	-1	-1	-0.644969599173093
7	CHEMBL4070262-CHEMBL4093872	2	99	5	-1	-1	-0.8898113605501915
