	ids	cid	#tr	#ac_tr	trueY	predY	prob
0	CHEMBL1926835-CHEMBL1926838	4	97	4	1	-1	-0.06488704828633607
1	CHEMBL1926835-CHEMBL1926839	4	97	4	1	1	0.49832668238763866
2	CHEMBL1926835-CHEMBL1926843	4	97	4	1	1	0.443260089712721
3	CHEMBL1926839-CHEMBL1926838	4	97	4	-1	-1	-0.7150216620465146
4	CHEMBL1926838-CHEMBL1926843	4	97	4	-1	-1	-0.6776668513110092
5	CHEMBL1926839-CHEMBL1926843	4	97	4	-1	-1	-0.7465328819223376
6	CHEMBL1926861-CHEMBL1926962	4	97	4	-1	-1	-1.0918739218904445
