	ids	cid	#tr	#ac_tr	trueY	predY	prob
0	CHEMBL3218402_CHEMBL3218403-CHEMBL2057725	1	125	5	-1	-1	-0.6469526511088789
1	CHEMBL2331558-CHEMBL2181524	1	125	5	-1	-1	-0.8988280629477874
2	CHEMBL2331676-CHEMBL2181524	1	125	5	-1	-1	-0.8163965333300205
3	CHEMBL2181524-CHEMBL2331677	1	125	5	-1	-1	-0.8072199916735752
4	CHEMBL2331558-CHEMBL2331676	1	125	5	-1	-1	-0.7897300260225872
5	CHEMBL2331558-CHEMBL2331677	1	125	5	-1	-1	-0.7735049160472907
6	CHEMBL2331665-CHEMBL2331663	1	125	5	1	-1	-0.7172932414910573
7	CHEMBL2331676-CHEMBL2331677	1	125	5	-1	-1	-0.7454991066040718
8	CHEMBL2375954_CHEMBL2375960-CHEMBL2375966_CHEMBL2375970	1	125	5	-1	-1	-0.9566064252086617
