	ids	cid	#tr	#ac_tr	trueY	predY	prob
0	CHEMBL197289-CHEMBL198544	7	179	9	-1	-1	-0.8363040272262448
1	CHEMBL198665-CHEMBL197289	7	179	9	-1	-1	-0.8558354655492869
2	CHEMBL197820-CHEMBL198607	7	179	9	-1	-1	-0.8126334506213834
3	CHEMBL198665-CHEMBL198544	7	179	9	-1	-1	-0.7981410043309621
4	CHEMBL458329-CHEMBL462010	7	179	9	-1	-1	-0.5210886752714734
5	CHEMBL508285-CHEMBL458329	7	179	9	-1	-1	-0.7009479636547493
6	CHEMBL462380-CHEMBL508285	7	179	9	-1	-1	-0.8918657773275565
7	CHEMBL471166-CHEMBL471340	7	179	9	-1	-1	-1.1067772520842798
8	CHEMBL488719-CHEMBL508285	7	179	9	-1	-1	-0.8636102926836913
