	ids	cid	#tr	#ac_tr	trueY	predY	prob
0	CHEMBL3099891-CHEMBL3099888	14	103	4	-1	-1	-0.9936059208959079
1	CHEMBL3394845-CHEMBL3394844	14	103	4	-1	-1	-0.9411176426325604
2	CHEMBL3394846-CHEMBL3394844	14	103	4	1	-1	-0.9335844994487077
3	CHEMBL3394846-CHEMBL3394845	14	103	4	1	-1	-0.9305423474258984
4	CHEMBL3585936_CHEMBL3585937_CHEMBL3585938-CHEMBL3585939	14	103	4	-1	-1	-0.9620121496348027
5	CHEMBL3586422_CHEMBL3649128-CHEMBL3586419_CHEMBL3649136	14	103	4	-1	-1	-0.9927831539483358
6	CHEMBL3634006_CHEMBL3634018-CHEMBL3634023	14	103	4	-1	-1	-0.987883112826725
