	ids	cid	#tr	#ac_tr	trueY	predY	prob
0	CHEMBL205208-CHEMBL204614	14	134	9	-1	-1	-0.7935040519708535
1	CHEMBL3355666-CHEMBL3355667	14	134	9	-1	-1	-0.47830662748494746
2	CHEMBL3355666-CHEMBL3355668	14	134	9	-1	-1	-0.6712010056158052
3	CHEMBL3355666-CHEMBL3355669	14	134	9	-1	-1	-0.811087223543039
4	CHEMBL3355667-CHEMBL3355668	14	134	9	-1	-1	-0.8724406512958196
5	CHEMBL3355667-CHEMBL3355669	14	134	9	-1	-1	-0.8730011314057505
6	CHEMBL3355668-CHEMBL3355669	14	134	9	-1	-1	-0.7441703451149452
