	ids	cid	#tr	#ac_tr	trueY	predY	prob
0	CHEMBL2385483-CHEMBL2385487	5	116	8	-1	-1	-0.9013052765479683
1	CHEMBL3758421-CHEMBL3759003	5	116	8	-1	-1	-1.0633381408349847
2	CHEMBL3758421-CHEMBL3759520_CHEMBL3759716	5	116	8	-1	-1	-1.1531151516414582
3	CHEMBL3758421-CHEMBL596273	5	116	8	1	-1	-1.0296114273693617
4	CHEMBL3759520_CHEMBL3759716-CHEMBL3759003	5	116	8	-1	-1	-1.228258412897259
5	CHEMBL3759727_CHEMBL3759997-CHEMBL3759003	5	116	8	-1	-1	-1.037349278027422
6	CHEMBL3759520_CHEMBL3759716-CHEMBL3759727_CHEMBL3759997	5	116	8	-1	-1	-1.1196235789301952
7	CHEMBL3759811-CHEMBL3759520_CHEMBL3759716	5	116	8	-1	-1	-0.8123457325151319
8	CHEMBL595842-CHEMBL593257	5	116	8	-1	-1	-0.7967683767169434
