	ids	cid	#tr	#ac_tr	trueY	predY	prob
0	CHEMBL1926837-CHEMBL1926841	5	101	10	-1	-1	-0.8268415200323291
1	CHEMBL1926844-CHEMBL1926841	5	101	10	-1	-1	-0.9576958230243463
2	CHEMBL1926859-CHEMBL1926961	5	101	10	-1	-1	-1.4875520534262476
3	CHEMBL1926962-CHEMBL1926859	5	101	10	-1	-1	-1.2250800226836853
4	CHEMBL1926962-CHEMBL1926961	5	101	10	-1	-1	-1.2511932509738657
