	ids	cid	#tr	#ac_tr	trueY	predY	prob
0	CHEMBL2170808-CHEMBL2001019_CHEMBL2170804	3	241	13	-1	-1	-1.424463900699101
1	CHEMBL2170808-CHEMBL2170809	3	241	13	-1	-1	-0.7429894662015352
2	CHEMBL2431815-CHEMBL2431838	3	241	13	-1	-1	-1.0900918715620258
3	CHEMBL2431836-CHEMBL2431826	3	241	13	-1	-1	-0.2674046100539518
4	CHEMBL4461070-CHEMBL4537541	3	241	13	-1	-1	-0.9620205134395479
5	CHEMBL461119-CHEMBL459892	3	241	13	-1	-1	-0.5295268622866468
6	CHEMBL461120-CHEMBL459892	3	241	13	-1	-1	-0.5124565795356824
