	ids	cid	#tr	#ac_tr	trueY	predY	prob
0	CHEMBL3586419_CHEMBL3649136-CHEMBL3586418_CHEMBL3649129	9	93	6	-1	-1	-0.9265958732134278
1	CHEMBL3586425_CHEMBL3646170-CHEMBL3586426_CHEMBL3646194	9	93	6	-1	-1	-0.9185238650928167
2	CHEMBL3742398-CHEMBL3740976	9	93	6	1	-1	-0.2324131424038829
