	ids	cid	#tr	#ac_tr	trueY	predY	prob
0	CHEMBL67948-CHEMBL306229	11	86	4	-1	-1	-0.8551833855736078
1	CHEMBL495817-CHEMBL495818	11	86	4	-1	-1	-0.7798661118167927
2	CHEMBL495817-CHEMBL501979	11	86	4	-1	-1	-0.8254844028745524
3	CHEMBL495818-CHEMBL501979	11	86	4	-1	-1	-0.8274899220049445
4	CHEMBL501439-CHEMBL525989	11	86	4	-1	-1	-0.5785604536778123
