	ids	cid	#tr	#ac_tr	trueY	predY	prob
0	CHEMBL2170985-CHEMBL2170986	1	77	9	-1	-1	-0.9455333272549232
1	CHEMBL2170985-CHEMBL2170992	1	77	9	-1	-1	-0.9002409518422733
2	CHEMBL2170985-CHEMBL2171001	1	77	9	-1	-1	-0.9392632778751926
3	CHEMBL2170986-CHEMBL2171001	1	77	9	-1	-1	-0.9495439636507598
4	CHEMBL2170992-CHEMBL2171000	1	77	9	-1	-1	-0.9504706157874971
5	CHEMBL2170992-CHEMBL2171001	1	77	9	-1	-1	-0.9341375451218481
6	CHEMBL2171001-CHEMBL2171000	1	77	9	-1	-1	-0.9457998026581957
