	ids	cid	#tr	#ac_tr	trueY	predY	prob
0	CHEMBL1921986_CHEMBL1922094-CHEMBL1091978	2	147	6	-1	-1	-0.6539223636243836
1	CHEMBL2057728-CHEMBL2057727	2	147	6	-1	-1	-0.6880769936900886
2	CHEMBL2057727-CHEMBL3218405	2	147	6	-1	-1	-0.7287103184312245
