	ids	cid	#tr	#ac_tr	trueY	predY	prob
0	CHEMBL181126-CHEMBL180680	21	126	3	-1	-1	-0.9419552202572696
1	CHEMBL360245-CHEMBL180680	21	126	3	-1	-1	-0.9320190240045184
2	CHEMBL361118-CHEMBL180680	21	126	3	-1	-1	-0.9576600152548205
3	CHEMBL180680-CHEMBL362582	21	126	3	-1	-1	-0.9643678640218938
4	CHEMBL181126-CHEMBL360245	21	126	3	-1	-1	-0.9349225348021853
5	CHEMBL361118-CHEMBL181126	21	126	3	-1	-1	-0.9686952808948683
6	CHEMBL361118-CHEMBL360245	21	126	3	-1	-1	-0.9662213653313363
7	CHEMBL360245-CHEMBL362582	21	126	3	-1	-1	-0.9734968319382917
8	CHEMBL361118-CHEMBL362582	21	126	3	1	-1	-0.9554030535122809
