	ids	cid	#tr	#ac_tr	trueY	predY	prob
0	CHEMBL1738792-CHEMBL1738787	4	136	3	-1	-1	-0.9117143065964479
1	CHEMBL1813211-CHEMBL1738787	4	136	3	-1	-1	-0.8743656751698959
2	CHEMBL1738792-CHEMBL1813211	4	136	3	-1	-1	-0.9041552772421075
3	CHEMBL184674-CHEMBL205743	4	136	3	1	-1	-0.9138592399574691
4	CHEMBL1940391-CHEMBL2074640	4	136	3	-1	-1	-0.918277836323688
5	CHEMBL2048925-CHEMBL2048927	4	136	3	-1	-1	-0.9598168880370919
6	CHEMBL269852_CHEMBL273046_CHEMBL437092-CHEMBL3092814_CHEMBL3092937	4	136	3	-1	-1	-0.8743257982371527
7	CHEMBL4450272-CHEMBL4469954	4	136	3	-1	-1	-0.9388432798482463
