	ids	cid	#tr	#ac_tr	trueY	predY	prob
0	CHEMBL4062257-CHEMBL4059904_CHEMBL4079783	17	67	3	-1	-1	-0.8190992614434107
1	CHEMBL4059904_CHEMBL4079783-CHEMBL4069022_CHEMBL4095362	17	67	3	-1	-1	-0.684510470828353
2	CHEMBL4062257-CHEMBL4069022_CHEMBL4095362	17	67	3	-1	-1	-0.7123745945301225
3	CHEMBL4075754-CHEMBL4069022_CHEMBL4095362	17	67	3	-1	-1	-1.0372690385095373
4	CHEMBL4075754-CHEMBL4093649	17	67	3	-1	-1	-1.089415815436376
