	ids	cid	#tr	#ac_tr	trueY	predY	prob
0	CHEMBL273158-CHEMBL270164	4	146	8	-1	-1	-0.8796940902943647
1	CHEMBL476141-CHEMBL476351	4	146	8	-1	-1	-0.5903571848080312
2	CHEMBL477583-CHEMBL476542	4	146	8	-1	-1	-1.0988906347299756
3	CHEMBL479258-CHEMBL476542	4	146	8	1	-1	-0.09816545206308114
4	CHEMBL477620-CHEMBL477583	4	146	8	-1	-1	-1.037487020701025
5	CHEMBL479257-CHEMBL477620	4	146	8	-1	-1	-0.7401052764264442
6	CHEMBL477979-CHEMBL477978	4	146	8	-1	-1	-0.4722541865324259
7	CHEMBL479258-CHEMBL479257	4	146	8	-1	-1	-0.4019887218324296
