	ids	cid	#tr	#ac_tr	trueY	predY	prob
0	CHEMBL4097869-CHEMBL4070752	12	58	3	-1	-1	-0.96726599576844
1	CHEMBL4083396-CHEMBL4082302	12	58	3	1	-1	-0.8476290074047733
2	CHEMBL4082881-CHEMBL4090685	12	58	3	-1	-1	-0.8634513804766163
