	ids	cid	#tr	#ac_tr	trueY	predY	prob
0	CHEMBL3735958-CHEMBL3735638	5	43	4	-1	-1	-0.9015049449351286
1	CHEMBL3735638-CHEMBL3736508	5	43	4	-1	-1	-0.8982646493420935
2	CHEMBL3735958-CHEMBL3736508	5	43	4	-1	-1	-0.925904241172713
