	ids	cid	#tr	#ac_tr	trueY	predY	prob
0	CHEMBL488710-CHEMBL454901_CHEMBL508284	1	156	4	-1	-1	-0.976658807367102
1	CHEMBL487044-CHEMBL462346	1	156	4	-1	-1	-0.9875644537044034
2	CHEMBL488710-CHEMBL462346	1	156	4	-1	-1	-0.9887235724275405
3	CHEMBL471517-CHEMBL471340	1	156	4	-1	-1	-1.0032186563147933
4	CHEMBL487044-CHEMBL471340	1	156	4	-1	-1	-0.9894326551723504
5	CHEMBL513404-CHEMBL471340	1	156	4	-1	-1	-0.9857880550092168
6	CHEMBL488710-CHEMBL487044	1	156	4	-1	-1	-0.9816083672865641
7	CHEMBL513404-CHEMBL488716	1	156	4	1	-1	-0.9077690624580991
