	ids	cid	#tr	#ac_tr	trueY	predY	prob
0	CHEMBL230930-CHEMBL231640	6	152	12	-1	-1	-0.7121070498107306
1	CHEMBL231640-CHEMBL231430	6	152	12	-1	-1	-0.7286404563171869
2	CHEMBL4459533-CHEMBL3358107	6	152	12	-1	-1	-1.000131028978117
3	CHEMBL3813789-CHEMBL3813796	6	152	12	-1	-1	-0.9521524084563315
4	CHEMBL3814485-CHEMBL3813789	6	152	12	-1	-1	-0.9412712833024233
5	CHEMBL3814737-CHEMBL3813789	6	152	12	-1	-1	-0.9353716096302747
6	CHEMBL3814485-CHEMBL3813796	6	152	12	-1	-1	-0.9514693363942571
7	CHEMBL3814737-CHEMBL3813796	6	152	12	-1	-1	-0.9474771434631992
8	CHEMBL3814485-CHEMBL3814737	6	152	12	-1	-1	-0.9347595612863537
