	ids	cid	#tr	#ac_tr	trueY	predY	prob
0	CHEMBL1836512-CHEMBL1836513	2	198	7	-1	-1	-0.44530359642187745
1	CHEMBL199163-CHEMBL200426	2	198	7	1	-1	-0.6819061194404078
2	CHEMBL381190-CHEMBL199163	2	198	7	1	-1	-0.6209135860198058
3	CHEMBL381190-CHEMBL200426	2	198	7	-1	-1	-0.602687197953531
4	CHEMBL371064-CHEMBL200619	2	198	7	-1	-1	-0.46087278909110513
5	CHEMBL440035-CHEMBL200619	2	198	7	-1	-1	-0.4622126252104719
6	CHEMBL440035-CHEMBL371064	2	198	7	-1	-1	-0.38074977742340943
7	CHEMBL596265-CHEMBL594179	2	198	7	-1	-1	-0.36848858457629674
