	ids	cid	#tr	#ac_tr	trueY	predY	prob
0	CHEMBL202324-CHEMBL202538	8	173	11	-1	-1	-0.7138154881640724
1	CHEMBL202324-CHEMBL379223	8	173	11	-1	-1	-0.7264498614058442
2	CHEMBL379223-CHEMBL202538	8	173	11	-1	-1	-0.6585612409738028
3	CHEMBL209735-CHEMBL211267	8	173	11	-1	-1	-0.8544777359566335
4	CHEMBL304605-CHEMBL244989	8	173	11	-1	-1	-0.4384376285881944
5	CHEMBL3813789-CHEMBL3813796	8	173	11	-1	-1	-0.9500183342718554
