	ids	cid	#tr	#ac_tr	trueY	predY	prob
0	CHEMBL237262-CHEMBL237473	1	176	12	1	-1	-0.9634890617012426
1	CHEMBL237262-CHEMBL3706928	1	176	12	-1	-1	-0.7866261290172342
2	CHEMBL481514-CHEMBL479988	1	176	12	-1	-1	-0.9222835851965704
3	CHEMBL479988-CHEMBL521249	1	176	12	-1	-1	-0.8814825774496019
4	CHEMBL481350-CHEMBL481746	1	176	12	-1	-1	-0.935774152348749
5	CHEMBL481686-CHEMBL481514	1	176	12	-1	-1	-0.9089942142996358
6	CHEMBL481514-CHEMBL521249	1	176	12	-1	-1	-0.9025959759465289
7	CHEMBL481686-CHEMBL481746	1	176	12	-1	-1	-0.9846154352517268
