	ids	cid	#tr	#ac_tr	trueY	predY	prob
0	CHEMBL1232702-CHEMBL2178602	4	81	7	-1	-1	-0.710003167139333
1	CHEMBL2178599-CHEMBL2178604	4	81	7	1	-1	-0.7321649121033212
2	CHEMBL3121468-CHEMBL3121449	4	81	7	-1	-1	-0.9614705018084648
3	CHEMBL3127912-CHEMBL3128025	4	81	7	-1	-1	-0.544352736401989
