	ids	cid	#tr	#ac_tr	trueY	predY	prob
0	CHEMBL2153478-CHEMBL3394314	0	118	6	-1	-1	-0.9478687058834998
1	CHEMBL2153478-CHEMBL3394315	0	118	6	-1	1	0.2469103885167072
2	CHEMBL2153478-CHEMBL3394316	0	118	6	-1	-1	-0.7754169575363564
3	CHEMBL3394314-CHEMBL3394316	0	118	6	-1	-1	-1.11436927590001
4	CHEMBL3394316-CHEMBL3394315	0	118	6	-1	-1	-0.9536280027319342
5	CHEMBL3578113-CHEMBL3578115	0	118	6	1	-1	-0.9230270154171718
