	ids	cid	#tr	#ac_tr	trueY	predY	prob
0	CHEMBL1771215-CHEMBL1771217	4	65	3	-1	-1	-0.7901974384863238
1	CHEMBL189330-CHEMBL372702	4	65	3	1	-1	-0.8284758840695228
2	CHEMBL2442879-CHEMBL2442889	4	65	3	1	-1	-0.8959848556291956
