	ids	cid	#tr	#ac_tr	trueY	predY	prob
0	CHEMBL2071336-CHEMBL2071341	10	62	3	1	-1	-0.9553277367499698
1	CHEMBL3586679-CHEMBL3586677	10	62	3	-1	-1	-0.9602541438473361
2	CHEMBL3586677-CHEMBL3586680	10	62	3	-1	-1	-0.9669767154828188
3	CHEMBL3586679-CHEMBL3586680	10	62	3	-1	-1	-0.9590536036597821
