	ids	cid	#tr	#ac_tr	trueY	predY	prob
0	CHEMBL1163620-CHEMBL1165642	6	183	4	-1	1	0.49405379641512776
1	CHEMBL3706929-CHEMBL237474	6	183	4	1	1	0.5436867087277732
2	CHEMBL237474-CHEMBL3706930	6	183	4	-1	1	0.5145046057733708
3	CHEMBL428026-CHEMBL237474	6	183	4	-1	1	0.5501012585506115
4	CHEMBL3706929-CHEMBL428026	6	183	4	1	1	0.5206364417308952
5	CHEMBL428026-CHEMBL3706930	6	183	4	-1	1	0.4985166333293766
6	CHEMBL481686-CHEMBL481514	6	183	4	-1	1	0.4759779612117883
