	ids	cid	#tr	#ac_tr	trueY	predY	prob
0	CHEMBL364844-CHEMBL181545	34	62	3	-1	1	0.9011609175274377
1	CHEMBL78163-CHEMBL431002	34	62	3	-1	1	0.8857286019068852
