	ids	cid	#tr	#ac_tr	trueY	predY	prob
0	CHEMBL2387471-CHEMBL2387463	1	88	6	-1	-1	-0.8393573236882331
1	CHEMBL3103868-CHEMBL3103865	1	88	6	1	-1	-0.7945442237039148
2	CHEMBL3634756_CHEMBL3634758-CHEMBL3634770	1	88	6	-1	-1	-0.8022564435901264
3	CHEMBL3956349-CHEMBL3634756_CHEMBL3634758	1	88	6	-1	-1	-0.7778737619746008
4	CHEMBL3634770-CHEMBL3634771	1	88	6	-1	-1	-0.7285405669638098
5	CHEMBL4450356-CHEMBL4458081	1	88	6	-1	-1	-0.8389879531925547
