	ids	cid	#tr	#ac_tr	trueY	predY	prob
0	CHEMBL202324-CHEMBL380763	2	182	4	-1	-1	-0.8840041849036995
1	CHEMBL376962-CHEMBL213987	2	182	4	-1	-1	-0.9751076083727525
2	CHEMBL4521947-CHEMBL3358104	2	182	4	-1	-1	-0.9452691347140415
3	CHEMBL3771331-CHEMBL3770106	2	182	4	-1	-1	-0.8514874153061757
4	CHEMBL476839-CHEMBL402143_CHEMBL515472	2	182	4	-1	-1	-0.6158095356508446
