	ids	cid	#tr	#ac_tr	trueY	predY	prob
0	CHEMBL1822053-CHEMBL1822059	6	90	4	-1	-1	-0.9279758151376917
1	CHEMBL1822212-CHEMBL1822053	6	90	4	-1	-1	-0.896606869558311
2	CHEMBL1822212-CHEMBL1822059	6	90	4	-1	-1	-0.9249365524338747
3	CHEMBL3356893-CHEMBL3356894	6	90	4	-1	-1	-0.9056367512538975
4	CHEMBL3356893-CHEMBL3356901	6	90	4	-1	-1	-0.9117316616603133
5	CHEMBL3356894-CHEMBL3356901	6	90	4	-1	-1	-0.899440955058271
6	CHEMBL4518668_CHEMBL4533420_CHEMBL4569896-CHEMBL4084907	6	90	4	-1	-1	-0.6792838248455624
7	CHEMBL4289122-CHEMBL4281245	6	90	4	-1	-1	-0.9619994524972143
