	ids	cid	#tr	#ac_tr	trueY	predY	prob
0	CHEMBL1934258-CHEMBL1934255	2	219	4	-1	-1	-1.1158504867624968
1	CHEMBL207539-CHEMBL206975	2	219	4	-1	-1	-0.931817617431531
2	CHEMBL380834-CHEMBL206975	2	219	4	-1	-1	-0.9267569044007946
3	CHEMBL207539-CHEMBL207022	2	219	4	1	-1	-0.937723375699593
4	CHEMBL380834-CHEMBL207022	2	219	4	1	-1	-0.9464664907152467
5	CHEMBL437704-CHEMBL207022	2	219	4	-1	-1	-0.9576683261900716
6	CHEMBL207539-CHEMBL380834	2	219	4	-1	-1	-0.9325946796674759
7	CHEMBL380834-CHEMBL437704	2	219	4	1	-1	-0.9204813401130562
