	ids	cid	#tr	#ac_tr	trueY	predY	prob
0	CHEMBL2058911-CHEMBL2058692	3	167	6	-1	-1	-1.1180449968632138
1	CHEMBL2058914-CHEMBL2058692	3	167	6	-1	-1	-1.2155695309686692
2	CHEMBL2058914-CHEMBL2058928	3	167	6	1	-1	-1.019950420602662
3	CHEMBL3605995-CHEMBL3605999	3	167	6	-1	-1	-1.1977213205747348
4	CHEMBL497609-CHEMBL525535	3	167	6	-1	-1	-1.1167658810589487
