	ids	cid	#tr	#ac_tr	trueY	predY	prob
0	CHEMBL2112342-CHEMBL2112341	19	60	5	-1	-1	-0.5288873997671653
1	CHEMBL2112341-CHEMBL2112348	19	60	5	-1	-1	-0.5380961347952102
2	CHEMBL2112342-CHEMBL2112348	19	60	5	-1	-1	-0.5261261843536228
