	ids	cid	#tr	#ac_tr	trueY	predY	prob
0	CHEMBL242673-CHEMBL242024	25	70	4	-1	-1	-0.9695564038030147
1	CHEMBL396988-CHEMBL242875	25	70	4	-1	-1	-0.9623473283089397
2	CHEMBL242875-CHEMBL430001	25	70	4	-1	-1	-0.9420463362946272
3	CHEMBL396988-CHEMBL430001	25	70	4	-1	-1	-0.9778645191781841
