	ids	cid	#tr	#ac_tr	trueY	predY	prob
0	CHEMBL3289031-CHEMBL3289037	33	98	9	-1	1	0.7733235538626991
1	CHEMBL3289034-CHEMBL3289035	33	98	9	-1	1	0.7966914762039264
2	CHEMBL3289034-CHEMBL3289037	33	98	9	1	1	0.798209980166134
3	CHEMBL3289046-CHEMBL3289045	33	98	9	-1	1	0.7727187720131098
