	ids	cid	#tr	#ac_tr	trueY	predY	prob
0	CHEMBL242876-CHEMBL243102	12	76	6	-1	-1	-0.7988385963245047
1	CHEMBL242876-CHEMBL430001	12	76	6	-1	-1	-0.8906860770462326
2	CHEMBL430001-CHEMBL243102	12	76	6	-1	-1	-0.9752307075014731
3	CHEMBL245007-CHEMBL394570	12	76	6	-1	-1	-0.6974971437725248
