	ids	cid	#tr	#ac_tr	trueY	predY	prob
0	CHEMBL4632527-CHEMBL4632490	7	101	8	1	-1	-0.9531391694645444
1	CHEMBL4645288-CHEMBL4632490	7	101	8	1	-1	-0.9529706822068313
2	CHEMBL4645288-CHEMBL4632527	7	101	8	-1	-1	-0.9530349213737715
3	CHEMBL4644560-CHEMBL4637518	7	101	8	-1	-1	-0.9584670395186999
4	CHEMBL4646821-CHEMBL4637518	7	101	8	-1	-1	-0.9603648581278632
5	CHEMBL4647081-CHEMBL4637518	7	101	8	-1	-1	-0.9532965999522874
6	CHEMBL4644560-CHEMBL4646821	7	101	8	-1	-1	-0.9617683504791869
7	CHEMBL4647081-CHEMBL4646821	7	101	8	-1	-1	-0.9564626018952177
