	ids	cid	#tr	#ac_tr	trueY	predY	prob
0	CHEMBL206975-CHEMBL208210	5	205	6	-1	-1	-0.9970662713086674
1	CHEMBL380834-CHEMBL206975	5	205	6	-1	-1	-0.9869299281557773
2	CHEMBL206975-CHEMBL382228	5	205	6	-1	-1	-0.9903792801634888
3	CHEMBL208991-CHEMBL207378	5	205	6	-1	-1	-1.0089225789439735
4	CHEMBL380834-CHEMBL207378	5	205	6	1	-1	-1.0045369863321054
5	CHEMBL207378-CHEMBL382228	5	205	6	-1	-1	-0.9984066459783705
6	CHEMBL380834-CHEMBL208210	5	205	6	-1	-1	-0.990848460668969
7	CHEMBL380834-CHEMBL208991	5	205	6	1	-1	-1.0000259821988107
8	CHEMBL208991-CHEMBL382228	5	205	6	-1	-1	-1.0112658211532453
