	ids	cid	#tr	#ac_tr	trueY	predY	prob
0	CHEMBL360377-CHEMBL185382	13	109	3	-1	-1	-1.0071211189972933
1	CHEMBL363743-CHEMBL185382	13	109	3	-1	-1	-0.9840437598501903
2	CHEMBL3394833-CHEMBL3394832	13	109	3	-1	-1	-0.8165897278626334
3	CHEMBL3394834-CHEMBL3394832	13	109	3	-1	-1	-0.8242153621190963
4	CHEMBL3394833-CHEMBL3394834	13	109	3	-1	-1	-0.877788944137899
5	CHEMBL360377-CHEMBL363743	13	109	3	-1	-1	-1.01933601150257
