	ids	cid	#tr	#ac_tr	trueY	predY	prob
0	CHEMBL522238-CHEMBL501980	19	54	4	-1	-1	-0.9741203398983024
1	CHEMBL594625-CHEMBL603424	19	54	4	-1	-1	-0.9751748990005387
