	ids	cid	#tr	#ac_tr	trueY	predY	prob
0	CHEMBL197820-CHEMBL198606	2	176	7	-1	-1	-0.9878251523246278
1	CHEMBL197820-CHEMBL198607	2	176	7	-1	-1	-0.9774725994895485
2	CHEMBL198606-CHEMBL198607	2	176	7	-1	-1	-0.9781788493739113
3	CHEMBL457058-CHEMBL462345	2	176	7	1	-1	-1.0306995669170724
4	CHEMBL462380-CHEMBL488884	2	176	7	-1	-1	-1.1730546471853796
