	ids	cid	#tr	#ac_tr	trueY	predY	prob
0	CHEMBL3759727_CHEMBL3759997-CHEMBL3758501_CHEMBL3758757	0	124	5	-1	-1	-0.9578877727265859
1	CHEMBL3758783-CHEMBL3759109	0	124	5	-1	-1	-1.3019009091087992
2	CHEMBL3759741-CHEMBL3758783	0	124	5	-1	-1	-1.3388017400350023
3	CHEMBL606811-CHEMBL3759109	0	124	5	-1	-1	-0.9957484720482888
4	CHEMBL3759727_CHEMBL3759997-CHEMBL605742	0	124	5	-1	-1	-0.9633867615164118
5	CHEMBL3759741-CHEMBL3759811	0	124	5	-1	-1	-1.1181948498711622
6	CHEMBL596273-CHEMBL605742	0	124	5	-1	-1	-0.9912565879010248
7	CHEMBL606811-CHEMBL596273	0	124	5	1	-1	-1.313171962392242
8	CHEMBL596287-CHEMBL596302	0	124	5	-1	-1	-0.6705152555570908
