	ids	cid	#tr	#ac_tr	trueY	predY	prob
0	CHEMBL179600_CHEMBL3085404-CHEMBL116074	4	134	11	-1	-1	-1.1687069673816377
1	CHEMBL178805-CHEMBL360934	4	134	11	-1	-1	-0.9486531273962421
2	CHEMBL426780-CHEMBL179600_CHEMBL3085404	4	134	11	-1	-1	-1.1006917342134395
3	CHEMBL360934-CHEMBL179663	4	134	11	-1	-1	-0.789127490600469
4	CHEMBL370711-CHEMBL189164	4	134	11	-1	-1	-0.9443918542210231
5	CHEMBL189164-CHEMBL371613	4	134	11	-1	-1	-0.8905787673718888
