	ids	cid	#tr	#ac_tr	trueY	predY	prob
0	CHEMBL1632220-CHEMBL1631532	1	182	11	-1	-1	-0.7951407894418782
1	CHEMBL386431-CHEMBL208894	1	182	11	-1	-1	-0.9938218397264367
2	CHEMBL3358107-CHEMBL3358105	1	182	11	-1	-1	-0.8923711369287018
3	CHEMBL4459533-CHEMBL3358105	1	182	11	-1	-1	-0.9883449300692424
4	CHEMBL4459533-CHEMBL3358107	1	182	11	-1	-1	-0.977015239500721
5	CHEMBL3815000-CHEMBL3815112	1	182	11	-1	-1	-0.9670624363316433
6	CHEMBL516088-CHEMBL489408	1	182	11	1	-1	-0.8041528588009248
