	ids	cid	#tr	#ac_tr	trueY	predY	prob
0	CHEMBL1926845-CHEMBL1926687	9	99	5	1	1	0.18509234098542848
1	CHEMBL1926839-CHEMBL1926842	9	99	5	-1	-1	-0.858874986509404
2	CHEMBL1926857-CHEMBL1926961	9	99	5	-1	-1	-0.3068341766249554
3	CHEMBL1926966-CHEMBL1926964	9	99	5	-1	-1	-1.4570815418327534
4	CHEMBL1926975-CHEMBL1926970	9	99	5	-1	-1	-1.0773352125046844
