	ids	cid	#tr	#ac_tr	trueY	predY	prob
0	CHEMBL3758634-CHEMBL3759472	2	126	6	1	-1	-1.0734856249662277
1	CHEMBL3759861-CHEMBL3758634	2	126	6	-1	-1	-1.0344697867953165
2	CHEMBL4084823-CHEMBL4095018	2	126	6	-1	-1	-0.9390646469886205
3	CHEMBL4095018-CHEMBL4095517	2	126	6	-1	-1	-0.9800781825539602
4	CHEMBL4095018-CHEMBL4098894	2	126	6	-1	-1	-0.9905085497400142
5	CHEMBL4095517-CHEMBL4098894	2	126	6	-1	-1	-0.989495316075219
