	ids	cid	#tr	#ac_tr	trueY	predY	prob
0	CHEMBL4645288-CHEMBL4632490	3	105	9	1	-1	-0.9509192364223236
1	CHEMBL4636865-CHEMBL4643735	3	105	9	-1	-1	-0.9654813807024519
2	CHEMBL4636865-CHEMBL4644817	3	105	9	-1	-1	-0.9547495099864552
3	CHEMBL4644817-CHEMBL4643735	3	105	9	-1	-1	-0.9595748245819061
4	CHEMBL4643735-CHEMBL4646438	3	105	9	-1	-1	-0.9297264792395359
5	CHEMBL4644817-CHEMBL4646438	3	105	9	-1	-1	-0.9332706685680214
