	ids	cid	#tr	#ac_tr	trueY	predY	prob
0	CHEMBL4090685-CHEMBL4073436	21	50	3	-1	-1	-0.6249462503561165
1	CHEMBL4632968_CHEMBL4646779-CHEMBL4640067_CHEMBL4648756	21	50	3	-1	-1	-0.8869944051800803
2	CHEMBL4632968_CHEMBL4646779-CHEMBL4640382_CHEMBL4646299	21	50	3	-1	-1	-0.920169971775202
3	CHEMBL4640382_CHEMBL4646299-CHEMBL4640067_CHEMBL4648756	21	50	3	-1	-1	-0.8790347200661044
