	ids	cid	#tr	#ac_tr	trueY	predY	prob
0	CHEMBL3121458-CHEMBL3121459	8	74	6	-1	-1	-0.9220780551353047
1	CHEMBL3121462-CHEMBL3121458	8	74	6	-1	-1	-0.9326949021250074
2	CHEMBL3121458-CHEMBL3121468	8	74	6	-1	-1	-0.7434676005985646
3	CHEMBL3121462-CHEMBL3121459	8	74	6	-1	-1	-0.947386381105479
4	CHEMBL3121459-CHEMBL3121468	8	74	6	-1	-1	-0.771150268662534
5	CHEMBL3121462-CHEMBL3121468	8	74	6	-1	-1	-0.7714460277970832
6	CHEMBL3127917-CHEMBL3128027	8	74	6	-1	-1	-0.6896184662235287
