	ids	cid	#tr	#ac_tr	trueY	predY	prob
0	CHEMBL181548-CHEMBL182700	4	237	14	-1	-1	-0.8137697904888114
1	CHEMBL185292-CHEMBL181548	4	237	14	-1	-1	-0.7856336589700548
2	CHEMBL185292-CHEMBL181684	4	237	14	-1	-1	-0.9188004302776019
3	CHEMBL185292-CHEMBL182700	4	237	14	-1	-1	-0.934226997545084
4	CHEMBL362567-CHEMBL187975	4	237	14	-1	-1	-1.0637714089273194
5	CHEMBL191052-CHEMBL188194	4	237	14	-1	-1	-0.173048763737088
6	CHEMBL363592-CHEMBL191052	4	237	14	-1	-1	-0.6558845212115053
7	CHEMBL362567-CHEMBL363592	4	237	14	1	1	0.8474791195645881
