	ids	cid	#tr	#ac_tr	trueY	predY	prob
0	CHEMBL3355673-CHEMBL3355668	12	143	5	-1	-1	-1.5956053021891168
1	CHEMBL3355674-CHEMBL3355668	12	143	5	-1	-1	-1.6317755348347032
2	CHEMBL3355675-CHEMBL3355668	12	143	5	-1	-1	-1.48052793771271
3	CHEMBL3355673-CHEMBL3355674	12	143	5	-1	-1	-1.0198792809000419
4	CHEMBL3355673-CHEMBL3355675	12	143	5	-1	-1	-0.7993259274373073
5	CHEMBL3355673-CHEMBL3355682_CHEMBL3393381	12	143	5	1	-1	-1.266322750362728
6	CHEMBL3355675-CHEMBL3355674	12	143	5	-1	-1	-0.6982430873591757
