	ids	cid	#tr	#ac_tr	trueY	predY	prob
0	CHEMBL3103867-CHEMBL3793440	3	89	7	1	1	0.10780272200448948
1	CHEMBL3103869-CHEMBL3793221	3	89	7	1	-1	-0.26433610302885047
2	CHEMBL3634781-CHEMBL3634769	3	89	7	-1	-1	-0.9341811182393218
3	CHEMBL3634782-CHEMBL3634769	3	89	7	-1	-1	-0.8941443518846253
4	CHEMBL3634782-CHEMBL3634781	3	89	7	-1	-1	-0.8374547769263626
5	CHEMBL582844-CHEMBL583273	3	89	7	-1	-1	-0.8588617066938963
6	CHEMBL585182-CHEMBL582844	3	89	7	-1	-1	-0.8825410485117777
7	CHEMBL585182-CHEMBL583273	3	89	7	-1	-1	-0.9461289789911316
