	ids	cid	#tr	#ac_tr	trueY	predY	prob
0	CHEMBL3219081-CHEMBL3219073	8	98	12	-1	-1	-0.9593572489658961
1	CHEMBL3219089-CHEMBL3219091	8	98	12	-1	-1	-0.955150349940844
2	CHEMBL3289024-CHEMBL3289023	8	98	12	-1	-1	-0.9086820786330112
3	CHEMBL3780548-CHEMBL3780005	8	98	12	-1	-1	-0.9553837562158963
