	ids	cid	#tr	#ac_tr	trueY	predY	prob
0	CHEMBL213662-CHEMBL215656	3	177	11	-1	-1	-0.9545356615836679
1	CHEMBL244147-CHEMBL230752	3	177	11	1	-1	-0.8795515334398443
2	CHEMBL2377801-CHEMBL2377802	3	177	11	-1	-1	-0.9534328643264037
3	CHEMBL2377805-CHEMBL2377801	3	177	11	-1	-1	-0.9600714730683619
4	CHEMBL2377805-CHEMBL2377802	3	177	11	-1	-1	-0.9595868448220799
5	CHEMBL396554-CHEMBL244147	3	177	11	-1	-1	-0.9566671162791518
6	CHEMBL397254-CHEMBL244147	3	177	11	-1	-1	-0.9502975567867988
7	CHEMBL397415-CHEMBL387614	3	177	11	-1	-1	-0.9251594706140399
8	CHEMBL4089378-CHEMBL4098207	3	177	11	-1	-1	-0.9466406358724158
