	ids	cid	#tr	#ac_tr	trueY	predY	prob
0	CHEMBL1085037-CHEMBL1083481	2	229	7	1	-1	-0.958337223332309
1	CHEMBL1085038-CHEMBL1083481	2	229	7	1	-1	-0.9714722504059717
2	CHEMBL1085462-CHEMBL1086079	2	229	7	-1	-1	-0.9613671342647555
3	CHEMBL605971-CHEMBL591940	2	229	7	-1	-1	-0.9418309390977461
