	ids	cid	#tr	#ac_tr	trueY	predY	prob
0	CHEMBL339703-CHEMBL340098	8	150	4	1	1	0.7195100472694408
1	CHEMBL535386-CHEMBL535617	8	150	4	-1	1	0.6976844943373323
