	ids	cid	#tr	#ac_tr	trueY	predY	prob
0	CHEMBL1824883-CHEMBL1824889	7	240	13	-1	-1	-0.9177499719803829
1	CHEMBL1824883-CHEMBL1824891	7	240	13	-1	-1	-0.9192559452976079
2	CHEMBL1824886-CHEMBL1824885	7	240	13	-1	-1	-0.9467238627541815
3	CHEMBL1824891-CHEMBL1824889	7	240	13	-1	-1	-0.9380126621006759
4	CHEMBL1824892-CHEMBL1824889	7	240	13	-1	-1	-0.8990129766742675
5	CHEMBL1824892-CHEMBL1824891	7	240	13	-1	-1	-0.9020513129204086
6	CHEMBL2170806-CHEMBL2170955	7	240	13	-1	-1	-0.9747980447469576
7	CHEMBL2431830-CHEMBL2431819	7	240	13	-1	-1	-1.1868542570256673
