	ids	cid	#tr	#ac_tr	trueY	predY	prob
0	CHEMBL213424-CHEMBL425069	3	229	14	-1	-1	-0.34531486823125707
1	CHEMBL267014-CHEMBL460644	3	229	14	1	-1	-0.24306543404420275
2	CHEMBL305276-CHEMBL68191	3	229	14	-1	-1	-0.29526981828404014
3	CHEMBL351989-CHEMBL439646	3	229	14	-1	-1	-0.4642687732437638
4	CHEMBL51536-CHEMBL51023	3	229	14	-1	-1	-0.3178176916128842
