	ids	cid	#tr	#ac_tr	trueY	predY	prob
0	CHEMBL1086038-CHEMBL1083098	4	155	4	-1	-1	-0.9410796747457426
1	CHEMBL1083098-CHEMBL1086105	4	155	4	-1	-1	-0.9290753224228173
2	CHEMBL1083098-CHEMBL1086460	4	155	4	-1	-1	-0.9361986793940656
3	CHEMBL1086038-CHEMBL1083162	4	155	4	1	-1	-0.9435470267237215
4	CHEMBL1086038-CHEMBL1086460	4	155	4	-1	-1	-0.9337366147754117
5	CHEMBL1086460-CHEMBL1086105	4	155	4	-1	-1	-0.9150023982854093
6	CHEMBL1770991-CHEMBL1770961	4	155	4	-1	-1	-0.7922395052968029
7	CHEMBL1914548_CHEMBL1914549-CHEMBL1914540	4	155	4	-1	-1	-1.0075667627649414
