	ids	cid	#tr	#ac_tr	trueY	predY	prob
0	CHEMBL186461-CHEMBL363893	4	158	5	-1	-1	-0.9082291877772631
1	CHEMBL2058691-CHEMBL2058693	4	158	5	-1	-1	-0.5698607415913793
2	CHEMBL2058916-CHEMBL2058691	4	158	5	1	-1	-0.6537368701001263
3	CHEMBL2058916-CHEMBL2058693	4	158	5	-1	-1	-0.4096665945973612
4	CHEMBL2058917-CHEMBL2058923	4	158	5	-1	-1	-1.0983149115690345
5	CHEMBL2058917-CHEMBL2058928	4	158	5	-1	-1	-0.8507061190929285
6	CHEMBL2058923-CHEMBL2058928	4	158	5	-1	-1	-0.9782838557644162
7	CHEMBL3606008-CHEMBL3606007	4	158	5	-1	-1	-0.8904852123874463
