	ids	cid	#tr	#ac_tr	trueY	predY	prob
0	CHEMBL2331676-CHEMBL2181524	10	134	8	-1	-1	-0.8054300437560492
1	CHEMBL2331680-CHEMBL2181524	10	134	8	-1	-1	-0.8981483063279899
2	CHEMBL2181529-CHEMBL2181650	10	134	8	-1	-1	-0.9927389923793866
3	CHEMBL2331662-CHEMBL2331667	10	134	8	-1	-1	-0.6482223091334512
4	CHEMBL2331667-CHEMBL2331669	10	134	8	-1	-1	-0.7461565830259944
5	CHEMBL2331680-CHEMBL2331676	10	134	8	-1	-1	-0.7750652274030176
