	ids	cid	#tr	#ac_tr	trueY	predY	prob
0	CHEMBL2153486-CHEMBL2153488	20	124	7	-1	-1	-1.1815853330701938
1	CHEMBL2153486-CHEMBL2153495	20	124	7	-1	-1	-1.1697183822906552
2	CHEMBL2153486-CHEMBL3604957	20	124	7	-1	-1	-1.0934513131496613
3	CHEMBL2153488-CHEMBL2153495	20	124	7	-1	-1	-1.0958444970153765
4	CHEMBL3604957-CHEMBL2153488	20	124	7	-1	-1	-1.1142846504910058
5	CHEMBL3604957-CHEMBL2153495	20	124	7	-1	-1	-1.1050331839969463
6	CHEMBL4102796-CHEMBL2325753	20	124	7	-1	-1	-0.9934302731938655
7	CHEMBL4071268-CHEMBL4102796	20	124	7	-1	-1	-0.998474145396532
