	ids	cid	#tr	#ac_tr	trueY	predY	prob
0	CHEMBL183064-CHEMBL361723	7	48	3	-1	-1	-0.9392451682533965
1	CHEMBL188785-CHEMBL186606	7	48	3	-1	-1	-0.9757447028009079
2	CHEMBL2177163-CHEMBL2177165	7	48	3	-1	-1	-0.9758688720474222
