	ids	cid	#tr	#ac_tr	trueY	predY	prob
0	CHEMBL3585946-CHEMBL3585944	15	103	3	-1	-1	-0.9348441821852324
1	CHEMBL3585948-CHEMBL3585946	15	103	3	-1	-1	-0.9523660449173015
