	ids	cid	#tr	#ac_tr	trueY	predY	prob
0	CHEMBL1934254-CHEMBL1835756	6	225	13	-1	-1	-0.45728627517401976
1	CHEMBL1934258-CHEMBL1835756	6	225	13	-1	-1	-0.8944762846430458
2	CHEMBL206975-CHEMBL382228	6	225	13	-1	-1	-1.0006775019319478
3	CHEMBL383089-CHEMBL206975	6	225	13	-1	-1	-0.6696272947410404
4	CHEMBL380920-CHEMBL382228	6	225	13	-1	-1	-0.950147743455163
5	CHEMBL383089-CHEMBL382228	6	225	13	-1	-1	-0.6773154874750977
