	ids	cid	#tr	#ac_tr	trueY	predY	prob
0	CHEMBL137867-CHEMBL138575	6	184	13	-1	-1	-0.881583168271762
1	CHEMBL139590-CHEMBL138575	6	184	13	-1	-1	-0.8752501407381899
2	CHEMBL214378-CHEMBL214794	6	184	13	-1	-1	-0.5073479899187274
3	CHEMBL244147-CHEMBL230860	6	184	13	1	-1	-0.2314416620611386
4	CHEMBL390244-CHEMBL230860	6	184	13	-1	-1	-0.8593830093400426
5	CHEMBL2377805-CHEMBL2377807	6	184	13	-1	-1	-0.8671077081906692
6	CHEMBL243730-CHEMBL244147	6	184	13	-1	-1	-0.43291538356459003
7	CHEMBL508649-CHEMBL3400667	6	184	13	-1	-1	-0.8057412960844248
