	ids	cid	#tr	#ac_tr	trueY	predY	prob
0	CHEMBL4277000-CHEMBL4286633	10	150	8	-1	1	0.7960470804292008
1	CHEMBL4277000-CHEMBL4288728	10	150	8	-1	1	0.8082438290772237
2	CHEMBL4288728-CHEMBL4286633	10	150	8	-1	1	0.8115250689377901
3	CHEMBL4463517-CHEMBL4590219	10	150	8	1	1	0.8153116922134511
