	ids	cid	#tr	#ac_tr	trueY	predY	prob
0	CHEMBL1836679-CHEMBL3394081	0	360	12	1	-1	-0.9013880503744669
1	CHEMBL255225-CHEMBL272999	0	360	12	-1	-1	-0.9870119421056156
2	CHEMBL41910-CHEMBL454922	0	360	12	-1	-1	-0.9738797715047101
3	CHEMBL510861-CHEMBL454922	0	360	12	-1	-1	-0.990153622557968
