	ids	cid	#tr	#ac_tr	trueY	predY	prob
0	CHEMBL2171000-CHEMBL2170977	0	76	5	1	-1	-0.5082129217313831
1	CHEMBL2170992-CHEMBL2171000	0	76	5	-1	-1	-0.9157737351612693
2	CHEMBL2170992-CHEMBL2171001	0	76	5	-1	-1	-0.6666663999808529
3	CHEMBL2171001-CHEMBL2171000	0	76	5	-1	-1	-0.890004936338056
4	CHEMBL2171180-CHEMBL2171182_CHEMBL556265	0	76	5	-1	-1	-0.7006354024807022
