	ids	cid	#tr	#ac_tr	trueY	predY	prob
0	CHEMBL2170988-CHEMBL2170986	8	85	11	-1	-1	-0.8356795771357625
1	CHEMBL2170986-CHEMBL2170999	8	85	11	-1	-1	-0.8206173548450705
2	CHEMBL2170988-CHEMBL2170999	8	85	11	-1	-1	-0.6552004994795483
3	CHEMBL2171179-CHEMBL2171178	8	85	11	-1	-1	-0.6936925120174607
4	CHEMBL2171180-CHEMBL2171178	8	85	11	-1	-1	-0.5923188008616475
5	CHEMBL2171179-CHEMBL2171180	8	85	11	-1	-1	-0.6876559215832059
