	ids	cid	#tr	#ac_tr	trueY	predY	prob
0	CHEMBL193620-CHEMBL556313	2	200	12	-1	-1	-0.7146711266715977
1	CHEMBL549764_CHEMBL558890_CHEMBL564481-CHEMBL2261605_CHEMBL388884	2	200	12	-1	-1	-1.0193605360356834
2	CHEMBL228279_CHEMBL388897-CHEMBL390192_CHEMBL442059	2	200	12	-1	-1	-1.0314245498445738
3	CHEMBL232609_CHEMBL233790-CHEMBL233410_CHEMBL233582	2	200	12	-1	-1	-1.0272127631847414
4	CHEMBL272340-CHEMBL232609_CHEMBL233790	2	200	12	-1	-1	-1.2502929612905205
5	CHEMBL272340-CHEMBL233410_CHEMBL233582	2	200	12	-1	-1	-0.775773458975368
