	ids	cid	#tr	#ac_tr	trueY	predY	prob
0	CHEMBL405235-CHEMBL264433	1	248	12	1	-1	-0.720875973590438
1	CHEMBL563034-CHEMBL561163	1	248	12	-1	-1	-0.7650735852569488
