	ids	cid	#tr	#ac_tr	trueY	predY	prob
0	CHEMBL2011965_CHEMBL2012069-CHEMBL2012001	15	126	9	-1	-1	-1.0251980873979099
1	CHEMBL2012005-CHEMBL2011965_CHEMBL2012069	15	126	9	-1	-1	-0.9778579986394881
2	CHEMBL2011969-CHEMBL2011976	15	126	9	-1	-1	-0.9690901034578047
3	CHEMBL2012005-CHEMBL2012001	15	126	9	-1	-1	-0.9941866389881491
4	CHEMBL3354252-CHEMBL3354250	15	126	9	-1	-1	-0.9729209791405459
5	CHEMBL3354254-CHEMBL3354250	15	126	9	-1	-1	-0.886777567807956
6	CHEMBL3354254-CHEMBL3354252	15	126	9	-1	-1	-1.1057091790194886
