	ids	cid	#tr	#ac_tr	trueY	predY	prob
0	CHEMBL3121442-CHEMBL3121469	1	71	8	-1	-1	-0.952934818569094
1	CHEMBL3128023-CHEMBL3128025	1	71	8	-1	-1	-0.4206816432879754
2	CHEMBL3128023-CHEMBL3128026	1	71	8	-1	-1	-0.6069005205522547
3	CHEMBL3128025-CHEMBL3128026	1	71	8	-1	-1	-0.5463011430992021
4	CHEMBL4542001-CHEMBL4557136	1	71	8	-1	-1	-0.7373608571121597
