	ids	cid	#tr	#ac_tr	trueY	predY	prob
0	CHEMBL2387462-CHEMBL2387469	6	98	12	-1	-1	-0.7352422050973273
1	CHEMBL3793600-CHEMBL3793440	6	98	12	-1	-1	-0.5861436690875537
2	CHEMBL4472966-CHEMBL4458081	6	98	12	-1	-1	-0.835855152109374
