	ids	cid	#tr	#ac_tr	trueY	predY	prob
0	CHEMBL1834418-CHEMBL2442881	7	90	6	-1	-1	-0.927414393228228
1	CHEMBL1834418-CHEMBL2442883	7	90	6	-1	-1	-0.9466717350874282
2	CHEMBL2442878-CHEMBL2442892	7	90	6	-1	-1	-0.9695046921387509
3	CHEMBL2442881-CHEMBL2442883	7	90	6	-1	-1	-0.9570203023179531
