	ids	cid	#tr	#ac_tr	trueY	predY	prob
0	CHEMBL1940411-CHEMBL1940409	27	74	5	-1	-1	-0.9672131398995889
1	CHEMBL1940409-CHEMBL1940416	27	74	5	-1	-1	-0.9400929940498224
2	CHEMBL1940411-CHEMBL1940420	27	74	5	-1	-1	-0.955410329902932
3	CHEMBL3781840-CHEMBL3780268	27	74	5	-1	-1	-0.9290198986490688
4	CHEMBL476839-CHEMBL402143_CHEMBL515472	27	74	5	-1	-1	-0.9509055887779844
