	ids	cid	#tr	#ac_tr	trueY	predY	prob
0	CHEMBL3103861-CHEMBL3103862	2	84	7	-1	-1	-0.6686201173403075
1	CHEMBL3103865-CHEMBL3103861	2	84	7	-1	-1	-0.5506110261166541
2	CHEMBL3103865-CHEMBL3103862	2	84	7	-1	-1	-0.5187119100760772
3	CHEMBL3623150-CHEMBL3648675	2	84	7	-1	-1	-0.9090042919432115
4	CHEMBL3648680-CHEMBL3623150	2	84	7	-1	-1	-0.9645014067453807
5	CHEMBL3648680-CHEMBL3648675	2	84	7	-1	-1	-0.8856711972310501
6	CHEMBL3648680-CHEMBL3648724	2	84	7	-1	-1	-0.926603613621767
7	CHEMBL3648724-CHEMBL4472966	2	84	7	-1	-1	-0.8980192289107218
8	CHEMBL3792552-CHEMBL3793267	2	84	7	-1	-1	-0.6948213773808976
