	ids	cid	#tr	#ac_tr	trueY	predY	prob
0	CHEMBL4632422-CHEMBL4648876	34	79	6	-1	-1	-0.1141193571902217
1	CHEMBL4643912-CHEMBL4648876	34	79	6	-1	-1	-0.591192052644351
