	ids	cid	#tr	#ac_tr	trueY	predY	prob
0	CHEMBL365062-CHEMBL185752	2	146	4	1	-1	-0.5652733526542989
1	CHEMBL305643-CHEMBL76819	2	146	4	-1	-1	-0.6134731135660841
2	CHEMBL534492-CHEMBL535386	2	146	4	-1	-1	-0.8554242133855159
