	ids	cid	#tr	#ac_tr	trueY	predY	prob
0	CHEMBL205880-CHEMBL206069	13	128	7	-1	-1	-0.9404772265309226
1	CHEMBL205880-CHEMBL206454	13	128	7	1	-1	-0.9403952163355789
2	CHEMBL382418-CHEMBL206069	13	128	7	-1	-1	-0.941359021712488
3	CHEMBL381702-CHEMBL206454	13	128	7	1	-1	-0.9522655725783506
4	CHEMBL206454-CHEMBL382418	13	128	7	-1	-1	-0.9191602205296807
5	CHEMBL3355665-CHEMBL3355667	13	128	7	-1	-1	-1.013188613147376
6	CHEMBL3355665-CHEMBL3355669	13	128	7	-1	-1	-1.2706445563686881
7	CHEMBL3355667-CHEMBL3355669	13	128	7	-1	-1	-1.2626328696545919
8	CHEMBL381702-CHEMBL382418	13	128	7	-1	-1	-0.9420425803666479
