	ids	cid	#tr	#ac_tr	trueY	predY	prob
0	CHEMBL1173532-CHEMBL1818467	2	153	12	-1	-1	-0.8638097951050717
1	CHEMBL1173532-CHEMBL1818468	2	153	12	-1	-1	-0.873888224106679
2	CHEMBL1818467-CHEMBL1818468	2	153	12	-1	-1	-0.8996728672923145
3	CHEMBL220765-CHEMBL384199	2	153	12	-1	-1	-0.9599755801560592
4	CHEMBL220765-CHEMBL385607	2	153	12	-1	-1	-0.5678359735852796
5	CHEMBL385607-CHEMBL384199	2	153	12	-1	-1	-0.6873797943709152
