	ids	cid	#tr	#ac_tr	trueY	predY	prob
0	CHEMBL2063760-CHEMBL2063752_CHEMBL2063753	9	142	5	-1	-1	-0.9133669784321297
1	CHEMBL2181658-CHEMBL2181659	9	142	5	1	-1	-0.7129418261939575
2	CHEMBL2181665-CHEMBL2181664	9	142	5	-1	-1	-0.9634576624126117
3	CHEMBL2375365_CHEMBL2376093-CHEMBL2375966_CHEMBL2375970	9	142	5	-1	-1	-0.8507318431625707
4	CHEMBL2375967_CHEMBL2376092-CHEMBL2375365_CHEMBL2376093	9	142	5	-1	-1	-0.6223968805284729
