	ids	cid	#tr	#ac_tr	trueY	predY	prob
0	CHEMBL336678-CHEMBL141085	0	241	12	-1	-1	-0.9940011827598288
1	CHEMBL181593-CHEMBL182504	0	241	12	-1	-1	-0.9808391011456581
2	CHEMBL188194-CHEMBL186628	0	241	12	-1	-1	-0.41636763852454994
3	CHEMBL186628-CHEMBL190823	0	241	12	1	1	0.4960980009129581
4	CHEMBL186628-CHEMBL364002	0	241	12	-1	-1	-0.9781944068919797
5	CHEMBL187924-CHEMBL188194	0	241	12	-1	-1	-0.28766562608469937
6	CHEMBL187924-CHEMBL364002	0	241	12	-1	-1	-0.28545241987820447
7	CHEMBL188194-CHEMBL364002	0	241	12	-1	-1	-1.0061936816525765
8	CHEMBL191366-CHEMBL189798	0	241	12	-1	-1	-0.5790709035242216
