	ids	cid	#tr	#ac_tr	trueY	predY	prob
0	CHEMBL4444993-CHEMBL4469036	18	81	4	-1	-1	-0.7057328109928251
1	CHEMBL4444993-CHEMBL4469831	18	81	4	-1	-1	-0.827168594856168
2	CHEMBL4469036-CHEMBL4469831	18	81	4	-1	-1	-0.7119895941167715
3	CHEMBL4513991-CHEMBL4472759	18	81	4	-1	-1	-0.8134375639976283
