	ids	cid	#tr	#ac_tr	trueY	predY	prob
0	CHEMBL2170994-CHEMBL2170989	16	86	6	-1	1	0.8165656078796065
1	CHEMBL2170994-CHEMBL2170998	16	86	6	-1	1	0.8037807213373834
2	CHEMBL418052_CHEMBL45041-CHEMBL538693	16	86	6	1	1	0.8176128987339024
