	ids	cid	#tr	#ac_tr	trueY	predY	prob
0	CHEMBL4088098-CHEMBL4066811	16	53	3	-1	-1	-0.9203505400256977
1	CHEMBL4069226-CHEMBL4088098	16	53	3	-1	-1	-0.9074542497839291
2	CHEMBL4082881-CHEMBL4073436	16	53	3	-1	-1	-0.40698571663241145
3	CHEMBL4090685-CHEMBL4073436	16	53	3	-1	-1	-0.5767377893642819
4	CHEMBL4082881-CHEMBL4090685	16	53	3	-1	-1	-0.7454408564859336
5	CHEMBL4635645_CHEMBL4644062-CHEMBL4640382_CHEMBL4646299	16	53	3	1	-1	-0.8905509157251633
