	ids	cid	#tr	#ac_tr	trueY	predY	prob
0	CHEMBL1822209-CHEMBL1822213	8	95	4	-1	-1	-0.9452974206775943
1	CHEMBL2387079-CHEMBL2387086	8	95	4	-1	-1	-0.9319216747409943
2	CHEMBL3770140-CHEMBL2387079	8	95	4	-1	-1	-0.9319711176836204
3	CHEMBL3770993-CHEMBL2387079	8	95	4	-1	-1	-0.9542634289715622
4	CHEMBL3770140-CHEMBL2387086	8	95	4	-1	-1	-0.9377486543961697
5	CHEMBL3770993-CHEMBL2387086	8	95	4	-1	-1	-0.9597347860362435
6	CHEMBL3769857-CHEMBL3769966	8	95	4	1	-1	-0.9439125571717202
7	CHEMBL3769857-CHEMBL3769972	8	95	4	-1	-1	-0.9423565417572551
8	CHEMBL3769972-CHEMBL3769966	8	95	4	-1	-1	-0.9302128014195653
