	ids	cid	#tr	#ac_tr	trueY	predY	prob
0	CHEMBL170192-CHEMBL173656	5	111	4	-1	-1	-0.9797451505275376
1	CHEMBL170192-CHEMBL369798	5	111	4	-1	-1	-0.9840052477081315
2	CHEMBL173656-CHEMBL369798	5	111	4	-1	-1	-0.9819439955606095
3	CHEMBL370852-CHEMBL194809	5	111	4	-1	-1	-0.9778523322899706
4	CHEMBL434355-CHEMBL195114	5	111	4	-1	-1	-0.9811762319263042
5	CHEMBL2113352-CHEMBL2368612	5	111	4	-1	-1	-0.9763124278772333
6	CHEMBL498355-CHEMBL495213	5	111	4	1	-1	-0.980509892289515
