	ids	cid	#tr	#ac_tr	trueY	predY	prob
0	CHEMBL175547-CHEMBL193809	9	132	5	-1	-1	-1.0162231372623949
1	CHEMBL175547-CHEMBL434918	9	132	5	-1	-1	-0.9851335570151423
2	CHEMBL192066-CHEMBL193871	9	132	5	-1	-1	-1.035635565714112
3	CHEMBL434918-CHEMBL193809	9	132	5	-1	-1	-1.19132824261384
4	CHEMBL193828-CHEMBL194135	9	132	5	-1	-1	-1.2434290377590718
5	CHEMBL193871-CHEMBL364047	9	132	5	1	-1	-0.9411502058641081
6	CHEMBL194086-CHEMBL194715	9	132	5	-1	-1	-1.0213138014200953
7	CHEMBL194086-CHEMBL365551	9	132	5	1	-1	-0.9195957149613218
