	ids	cid	#tr	#ac_tr	trueY	predY	prob
0	CHEMBL2413365-CHEMBL2413366	7	92	5	-1	-1	-0.9658126615112878
1	CHEMBL3099888-CHEMBL3099884	7	92	5	-1	-1	-0.9674359345911329
2	CHEMBL3099891-CHEMBL3099884	7	92	5	-1	-1	-0.9588046991443867
3	CHEMBL3099891-CHEMBL3099888	7	92	5	-1	-1	-0.9598173064766644
4	CHEMBL3585936_CHEMBL3585937_CHEMBL3585938-CHEMBL3585939	7	92	5	-1	-1	-0.9777975608681828
5	CHEMBL3586425_CHEMBL3646170-CHEMBL3586431_CHEMBL3649099	7	92	5	-1	-1	-0.9428689136132647
6	CHEMBL3740873-CHEMBL3741373	7	92	5	-1	-1	-0.8705458824420342
