	ids	cid	#tr	#ac_tr	trueY	predY	prob
0	CHEMBL139923-CHEMBL337759	0	177	16	-1	-1	-0.9829134681219412
1	CHEMBL2377805-CHEMBL2375441	0	177	16	-1	-1	-0.9633033781130188
2	CHEMBL243509-CHEMBL243942	0	177	16	1	-1	-0.8602228032815358
3	CHEMBL243509-CHEMBL394852	0	177	16	-1	-1	-0.8092600439136017
4	CHEMBL390244-CHEMBL244360	0	177	16	-1	-1	-0.4592442693244064
5	CHEMBL394852-CHEMBL394851	0	177	16	-1	-1	-0.9702703683068985
6	CHEMBL397253-CHEMBL394851	0	177	16	-1	-1	-1.1226901168206582
