	ids	cid	#tr	#ac_tr	trueY	predY	prob
0	CHEMBL3289017-CHEMBL3289022	12	88	9	-1	1	0.7890474104678199
1	CHEMBL3289024-CHEMBL3289017	12	88	9	-1	1	0.807438610082355
2	CHEMBL3289024-CHEMBL3289022	12	88	9	-1	1	0.7998599128508797
3	CHEMBL3289024-CHEMBL3289023	12	88	9	-1	1	0.8579559457199514
