	ids	cid	#tr	#ac_tr	trueY	predY	prob
0	CHEMBL3585941-CHEMBL3343259_CHEMBL3343260	3	97	8	-1	-1	-0.7607872913171033
1	CHEMBL3343259_CHEMBL3343260-CHEMBL3585942	3	97	8	-1	-1	-0.7989966739708052
2	CHEMBL3585941-CHEMBL3585942	3	97	8	-1	-1	-0.8459762205309737
3	CHEMBL3585946-CHEMBL3585947	3	97	8	-1	-1	-0.5455218846491862
4	CHEMBL3741125-CHEMBL3741474	3	97	8	-1	-1	-0.7549101895357555
5	CHEMBL3741721-CHEMBL3741125	3	97	8	-1	-1	-0.9051269832926717
