	ids	cid	#tr	#ac_tr	trueY	predY	prob
0	CHEMBL185131-CHEMBL183421	6	85	6	-1	-1	-0.06580629803956396
1	CHEMBL3585943-CHEMBL3585945	6	85	6	-1	-1	-0.06947987710598064
2	CHEMBL3585946-CHEMBL3585943	6	85	6	-1	-1	-0.06552436184597675
3	CHEMBL3585952-CHEMBL3585943	6	85	6	1	-1	-0.05586341747861305
4	CHEMBL3585952-CHEMBL3585945	6	85	6	1	-1	-0.06272559295316772
5	CHEMBL3586437-CHEMBL3586426_CHEMBL3646194	6	85	6	-1	-1	-0.06583419622497712
