	ids	cid	#tr	#ac_tr	trueY	predY	prob
0	CHEMBL108722-CHEMBL196370_CHEMBL430500	3	109	6	-1	-1	-1.116448942297887
1	CHEMBL197408-CHEMBL108722	3	109	6	-1	-1	-0.9612454291499355
2	CHEMBL197408-CHEMBL196370_CHEMBL430500	3	109	6	-1	-1	-1.2107792136480693
3	CHEMBL498356-CHEMBL495046	3	109	6	-1	-1	-0.9896656379872489
4	CHEMBL498355-CHEMBL496098	3	109	6	-1	-1	-0.9646381035369458
