	ids	cid	#tr	#ac_tr	trueY	predY	prob
0	CHEMBL100017-CHEMBL101306	6	193	13	-1	-1	-0.7631151761666195
1	CHEMBL1651355-CHEMBL608115	6	193	13	-1	-1	-0.716948953433535
2	CHEMBL1836518-CHEMBL1836506	6	193	13	-1	-1	-0.9667404556148069
3	CHEMBL200672-CHEMBL199214	6	193	13	-1	-1	-0.7143371925072878
4	CHEMBL200494-CHEMBL199358	6	193	13	-1	-1	-0.8299505005389389
5	CHEMBL379157-CHEMBL209215	6	193	13	-1	-1	-0.7008067327603112
6	CHEMBL608115-CHEMBL3982135	6	193	13	1	-1	-0.3161795048149228
