	ids	cid	#tr	#ac_tr	trueY	predY	prob
0	CHEMBL2153481-CHEMBL2153484	1	113	8	-1	-1	-1.288369967145838
1	CHEMBL2153481-CHEMBL2153485	1	113	8	-1	-1	-1.2300884594109174
2	CHEMBL2153484-CHEMBL2153485	1	113	8	-1	-1	-1.4959545405506547
3	CHEMBL3604957-CHEMBL2153495	1	113	8	-1	-1	-0.9327260623015421
4	CHEMBL3578113-CHEMBL3578111	1	113	8	-1	-1	-0.9759964007617477
