	ids	cid	#tr	#ac_tr	trueY	predY	prob
0	CHEMBL185080-CHEMBL362742	4	89	6	-1	-1	-0.7238682142815097
1	CHEMBL3585936_CHEMBL3585937_CHEMBL3585938-CHEMBL3585939	4	89	6	-1	-1	-0.8672522063876067
2	CHEMBL3585939-CHEMBL3585947	4	89	6	-1	-1	-0.6991490972516496
3	CHEMBL3585952-CHEMBL3585939	4	89	6	-1	-1	-0.8578167084348156
4	CHEMBL3585952-CHEMBL3585947	4	89	6	-1	-1	-0.7895921519238934
5	CHEMBL3585951-CHEMBL3585952	4	89	6	-1	-1	-0.9029868183949261
6	CHEMBL3586425_CHEMBL3646170-CHEMBL3586431_CHEMBL3649099	4	89	6	-1	-1	-0.8285705697715475
