	ids	cid	#tr	#ac_tr	trueY	predY	prob
0	CHEMBL357675-CHEMBL144081	5	65	6	-1	-1	-0.7663286880844807
1	CHEMBL3618463_CHEMBL3618464_CHEMBL485492-CHEMBL2442886	5	65	6	-1	-1	-0.934214128264802
2	CHEMBL43087-CHEMBL60536	5	65	6	-1	-1	-0.7040540759360034
