	ids	cid	#tr	#ac_tr	trueY	predY	prob
0	CHEMBL3594177-CHEMBL3594178	5	91	9	-1	-1	-0.5040496236364617
1	CHEMBL4097984-CHEMBL4066884	5	91	9	-1	-1	-0.0729401453476311
2	CHEMBL4090268-CHEMBL4077032_CHEMBL4077555_CHEMBL4097816	5	91	9	-1	-1	-0.0984137300954801
