	ids	cid	#tr	#ac_tr	trueY	predY	prob
0	CHEMBL3103860-CHEMBL3103863	4	255	15	-1	-1	-0.701085815710249
1	CHEMBL3103865-CHEMBL3103860	4	255	15	-1	-1	-0.5901683450191777
2	CHEMBL3103865-CHEMBL3103863	4	255	15	-1	-1	-0.6561723631651661
3	CHEMBL3634756_CHEMBL3634758-CHEMBL3634767	4	255	15	-1	-1	-0.9316521420109606
4	CHEMBL3634756_CHEMBL3634758-CHEMBL3634770	4	255	15	-1	-1	-0.9594927734611707
5	CHEMBL3634782-CHEMBL3634770	4	255	15	-1	-1	-0.9045512607914543
6	CHEMBL3634790-CHEMBL3634791	4	255	15	-1	-1	-0.7902461326586834
7	CHEMBL3793221-CHEMBL3793267	4	255	15	-1	-1	-0.706202221834294
8	CHEMBL575255-CHEMBL573705	4	255	15	-1	-1	-0.9735598413031777
