	ids	cid	#tr	#ac_tr	trueY	predY	prob
0	CHEMBL221184-CHEMBL221474	7	66	4	-1	-1	-0.9594985936064722
1	CHEMBL221184-CHEMBL221641	7	66	4	-1	-1	-0.9678390083098942
2	CHEMBL221184-CHEMBL426550	7	66	4	-1	-1	-0.9531458239344343
3	CHEMBL375370-CHEMBL221388	7	66	4	-1	-1	-0.963345803324735
4	CHEMBL221641-CHEMBL221474	7	66	4	-1	-1	-0.96226616857768
5	CHEMBL221474-CHEMBL426550	7	66	4	-1	-1	-0.9459271884190849
6	CHEMBL482659-CHEMBL499038	7	66	4	-1	-1	-0.9762446087731969
