	ids	cid	#tr	#ac_tr	trueY	predY	prob
0	CHEMBL146896-CHEMBL357675	2	100	6	-1	-1	-0.5530095931298487
1	CHEMBL8494-CHEMBL167705	2	100	6	-1	-1	-0.7366004778461203
2	CHEMBL1834419-CHEMBL2442881	2	100	6	-1	-1	-0.8691161621347478
