	ids	cid	#tr	#ac_tr	trueY	predY	prob
0	CHEMBL2064564-CHEMBL2064565	4	83	5	-1	-1	-0.9086773400941753
1	CHEMBL4073477-CHEMBL4062257	4	83	5	-1	-1	-0.8233892841846272
2	CHEMBL4062257-CHEMBL4078833	4	83	5	1	-1	-0.8931587987780575
3	CHEMBL4073477-CHEMBL4078833	4	83	5	-1	-1	-0.9663246076322209
