	ids	cid	#tr	#ac_tr	trueY	predY	prob
0	CHEMBL3609144-CHEMBL3609142	5	98	3	-1	-1	-0.9827480599442697
1	CHEMBL3813789-CHEMBL3813796	5	98	3	1	-1	-0.9120865588417842
2	CHEMBL3813789-CHEMBL3815000	5	98	3	-1	-1	-1.6265911199710823
3	CHEMBL3813789-CHEMBL3815112	5	98	3	1	-1	-1.1642623447520077
4	CHEMBL3815000-CHEMBL3813796	5	98	3	-1	-1	-1.5347486016740155
5	CHEMBL3813796-CHEMBL3815112	5	98	3	-1	-1	-1.2834658790837423
