	ids	cid	#tr	#ac_tr	trueY	predY	prob
0	CHEMBL2178599-CHEMBL2178604	7	82	3	1	-1	-0.940549575164011
1	CHEMBL3127917-CHEMBL3127913	7	82	3	-1	-1	-0.9569460503122982
