	ids	cid	#tr	#ac_tr	trueY	predY	prob
0	CHEMBL4094671_CHEMBL4095528-CHEMBL4290071	5	146	4	-1	1	0.6043594354850812
1	CHEMBL4094671_CHEMBL4095528-CHEMBL4290224	5	146	4	1	1	0.6234224447606884
2	CHEMBL4293200-CHEMBL4290071	5	146	4	-1	1	0.5873043630714802
3	CHEMBL4293200-CHEMBL4290224	5	146	4	-1	1	0.607120133611601
4	CHEMBL4468943-CHEMBL4436696	5	146	4	-1	1	0.6524454542994371
5	CHEMBL4436696-CHEMBL4578998	5	146	4	-1	1	0.6574561834376256
6	CHEMBL4468943-CHEMBL4578998	5	146	4	-1	1	0.6545679835739605
