	ids	cid	#tr	#ac_tr	trueY	predY	prob
0	CHEMBL242447-CHEMBL243746	18	71	3	-1	-1	-1.0054694116127052
1	CHEMBL242663-CHEMBL242664	18	71	3	1	-1	-0.585381889581791
2	CHEMBL243101-CHEMBL242663	18	71	3	-1	-1	-0.7031371658471469
3	CHEMBL396988-CHEMBL242663	18	71	3	-1	-1	-0.8967874521922309
4	CHEMBL243101-CHEMBL242664	18	71	3	1	-1	-0.9634081939431918
5	CHEMBL396988-CHEMBL242664	18	71	3	1	-1	-1.1249393479947338
6	CHEMBL243101-CHEMBL396988	18	71	3	-1	-1	-0.9693815710573521
