	ids	cid	#tr	#ac_tr	trueY	predY	prob
0	CHEMBL1223680-CHEMBL1223615	1	272	13	-1	-1	-0.9133345085010363
1	CHEMBL1223615-CHEMBL2413154	1	272	13	-1	-1	-0.9076691132976594
2	CHEMBL57868-CHEMBL13647_CHEMBL543741	1	272	13	-1	-1	-0.5862055385117254
3	CHEMBL3758610-CHEMBL154508	1	272	13	-1	-1	-0.7063974981393142
4	CHEMBL3758920-CHEMBL154508	1	272	13	-1	-1	-0.8565631519167272
5	CHEMBL2413154-CHEMBL2413153	1	272	13	-1	-1	-0.9427867881121467
6	CHEMBL257077-CHEMBL272340	1	272	13	-1	-1	-0.9986005821567828
7	CHEMBL271913-CHEMBL272340	1	272	13	-1	-1	-0.982430414782381
8	CHEMBL3758920-CHEMBL3758610	1	272	13	-1	-1	-0.9290472625527887
