	ids	cid	#tr	#ac_tr	trueY	predY	prob
0	CHEMBL123899-CHEMBL127565	2	59	4	-1	1	0.9027203042544366
1	CHEMBL123973-CHEMBL124445	2	59	4	-1	1	0.8715642340229163
