	ids	cid	#tr	#ac_tr	trueY	predY	prob
0	CHEMBL203055-CHEMBL381120	10	143	7	-1	-1	-0.9215570291963707
1	CHEMBL203055-CHEMBL444622	10	143	7	-1	-1	-0.9141374128565529
2	CHEMBL3355678-CHEMBL3355664_CHEMBL3393362	10	143	7	-1	-1	-1.2566529348838007
3	CHEMBL3355682_CHEMBL3393381-CHEMBL3355664_CHEMBL3393362	10	143	7	-1	-1	-1.3097737277477064
