	ids	cid	#tr	#ac_tr	trueY	predY	prob
0	CHEMBL306150-CHEMBL1907858_CHEMBL281274_CHEMBL355202	33	43	4	-1	-1	-0.6788735531790916
1	CHEMBL312021-CHEMBL1907858_CHEMBL281274_CHEMBL355202	33	43	4	-1	-1	-0.9891407913121625
2	CHEMBL1907858_CHEMBL281274_CHEMBL355202-CHEMBL431002	33	43	4	1	-1	-0.6984218197634361
3	CHEMBL2112345-CHEMBL2112347	33	43	4	-1	-1	-0.7806744356333534
4	CHEMBL306150-CHEMBL312021	33	43	4	-1	-1	-1.0302541861015408
