	ids	cid	#tr	#ac_tr	trueY	predY	prob
0	CHEMBL1926847-CHEMBL1926687	10	110	7	-1	-1	-0.9239849268702754
1	CHEMBL1926963-CHEMBL1926968	10	110	7	-1	-1	-0.9042218415916351
2	CHEMBL2252331-CHEMBL2252333	10	110	7	1	-1	-0.9578457180043154
