	ids	cid	#tr	#ac_tr	trueY	predY	prob
0	CHEMBL1824883-CHEMBL1821759	6	241	12	1	-1	-0.9737252381594628
1	CHEMBL1821759-CHEMBL1824890	6	241	12	-1	-1	-0.9840996193091619
2	CHEMBL1821759-CHEMBL1825132	6	241	12	-1	-1	-0.9800785347359652
3	CHEMBL1824883-CHEMBL1824890	6	241	12	-1	-1	-0.9595258296862363
4	CHEMBL2431826-CHEMBL2431828	6	241	12	-1	-1	-0.754066474620973
