	ids	cid	#tr	#ac_tr	trueY	predY	prob
0	CHEMBL116071-CHEMBL116074	6	145	6	-1	-1	-0.9579272133982528
1	CHEMBL117637_CHEMBL119391-CHEMBL116071	6	145	6	1	-1	-0.8899771378324389
2	CHEMBL179531-CHEMBL360367	6	145	6	-1	-1	-0.7975934721444009
3	CHEMBL436276-CHEMBL179531	6	145	6	-1	-1	-0.8805212263645206
4	CHEMBL360367-CHEMBL360056	6	145	6	1	-1	-0.8207476134401944
5	CHEMBL366865-CHEMBL360056	6	145	6	-1	-1	-0.8835359013629788
6	CHEMBL436276-CHEMBL360367	6	145	6	-1	-1	-0.767167701598775
7	CHEMBL436276-CHEMBL366865	6	145	6	-1	-1	-0.8327332748433179
8	CHEMBL436276-CHEMBL434906	6	145	6	-1	-1	-0.8875750756204542
