	ids	cid	#tr	#ac_tr	trueY	predY	prob
0	CHEMBL1651351-CHEMBL382971	106	197	12	1	-1	-0.5582970869498242
1	CHEMBL435913-CHEMBL199214	106	197	12	-1	-1	-0.8407530666384838
2	CHEMBL200203-CHEMBL200619	106	197	12	-1	-1	-0.8948526698711105
3	CHEMBL200203-CHEMBL440035	106	197	12	-1	-1	-0.8640256132014239
4	CHEMBL440035-CHEMBL200619	106	197	12	-1	-1	-0.9041218432285248
5	CHEMBL213244-CHEMBL212907	106	197	12	-1	-1	-0.8741141820138287
6	CHEMBL435913-CHEMBL372410	106	197	12	-1	-1	-0.8183548049528631
7	CHEMBL608115-CHEMBL3902105	106	197	12	1	1	0.4362571519987236
8	CHEMBL608115-CHEMBL3982135	106	197	12	1	-1	-0.08201508027668347
