	ids	cid	#tr	#ac_tr	trueY	predY	prob
0	CHEMBL1824884-CHEMBL1824878	8	228	8	-1	-1	-0.7059913206245251
1	CHEMBL1825130-CHEMBL1825131	8	228	8	-1	-1	-0.7786141759311941
2	CHEMBL2170805-CHEMBL2001019_CHEMBL2170804	8	228	8	1	-1	-0.8822485946963744
3	CHEMBL2170808-CHEMBL2001019_CHEMBL2170804	8	228	8	-1	-1	-0.9341036748824334
4	CHEMBL2170808-CHEMBL2170805	8	228	8	-1	-1	-0.7629010574027978
5	CHEMBL2170963-CHEMBL2170962	8	228	8	-1	-1	-0.70036302824639
6	CHEMBL2431824-CHEMBL2431828	8	228	8	-1	-1	-0.8591245467222062
7	CHEMBL2431824-CHEMBL2431830	8	228	8	-1	-1	-0.8349579060024832
8	CHEMBL2431830-CHEMBL2431828	8	228	8	-1	-1	-0.7734885974533934
