	ids	cid	#tr	#ac_tr	trueY	predY	prob
0	CHEMBL476532-CHEMBL477620	3	131	11	-1	-1	-0.062438809267315154
1	CHEMBL476532-CHEMBL517666	3	131	11	-1	-1	-0.9369191180324842
2	CHEMBL476770-CHEMBL478650	3	131	11	-1	-1	-1.0898325497760317
3	CHEMBL477557-CHEMBL477348	3	131	11	-1	-1	-1.0094736976043168
4	CHEMBL477620-CHEMBL477583	3	131	11	-1	-1	-1.1149333417165987
5	CHEMBL477791-CHEMBL477583	3	131	11	-1	-1	-1.086082868484706
6	CHEMBL477620-CHEMBL477791	3	131	11	-1	-1	-1.0537922704149416
7	CHEMBL517666-CHEMBL477620	3	131	11	-1	-1	-0.8028539801313164
8	CHEMBL517666-CHEMBL477791	3	131	11	-1	-1	-0.9098740342109362
