	ids	cid	#tr	#ac_tr	trueY	predY	prob
0	CHEMBL3759445-CHEMBL3758508	1	143	13	-1	-1	-1.1666697392429408
1	CHEMBL3759811-CHEMBL3758508	1	143	13	1	1	0.43019438971121826
2	CHEMBL3759011-CHEMBL3759445	1	143	13	-1	-1	-0.43468562839233693
3	CHEMBL3759011-CHEMBL3759741	1	143	13	-1	-1	-1.1491487504295619
4	CHEMBL3759011-CHEMBL3759811	1	143	13	-1	-1	-1.1158801443613022
5	CHEMBL3759741-CHEMBL3759445	1	143	13	-1	-1	-0.6017397814147275
6	CHEMBL3759741-CHEMBL3759811	1	143	13	-1	-1	-1.10935092877842
