	ids	cid	#tr	#ac_tr	trueY	predY	prob
0	CHEMBL214368-CHEMBL209395	7	120	7	-1	-1	-0.8888028907176853
1	CHEMBL534493-CHEMBL535386	7	120	7	-1	-1	-0.9545575201183
2	CHEMBL534493-CHEMBL536290	7	120	7	-1	-1	-0.9528046941439836
3	CHEMBL534493-CHEMBL557987	7	120	7	-1	-1	-0.9677459405270784
4	CHEMBL535386-CHEMBL536290	7	120	7	-1	-1	-0.9026349915746246
5	CHEMBL535386-CHEMBL557987	7	120	7	-1	-1	-0.9061676687234769
6	CHEMBL536290-CHEMBL557987	7	120	7	-1	-1	-0.9092773644151322
