	ids	cid	#tr	#ac_tr	trueY	predY	prob
0	CHEMBL173994-CHEMBL427421	9	158	7	-1	-1	-0.6541450404837055
1	CHEMBL205880-CHEMBL206454	9	158	7	1	-1	-0.933750049111296
2	CHEMBL3355672-CHEMBL3355668	9	158	7	-1	-1	-1.1358012731636038
3	CHEMBL3355674-CHEMBL3355668	9	158	7	-1	-1	-1.3965125710323203
4	CHEMBL3355672-CHEMBL3355674	9	158	7	-1	-1	-0.9017541812010129
