	ids	cid	#tr	#ac_tr	trueY	predY	prob
0	CHEMBL170192-CHEMBL173656	22	91	3	-1	-1	-1.0050147681568795
1	CHEMBL170192-CHEMBL369798	22	91	3	-1	-1	-1.004418855654632
2	CHEMBL173656-CHEMBL369798	22	91	3	-1	-1	-1.0031659938760462
3	CHEMBL194206-CHEMBL196169	22	91	3	-1	-1	-0.7643744737934577
4	CHEMBL194206-CHEMBL197408	22	91	3	-1	-1	-1.0677598302772846
5	CHEMBL197408-CHEMBL196169	22	91	3	-1	-1	-0.709640658754807
6	CHEMBL353256-CHEMBL369798	22	91	3	1	-1	-1.0044570604538896
7	CHEMBL423610-CHEMBL353256	22	91	3	-1	-1	-1.0093175473705458
