	ids	cid	#tr	#ac_tr	trueY	predY	prob
0	CHEMBL1926844-CHEMBL1926841	2	108	5	-1	-1	-1.074366529095553
1	CHEMBL1926845-CHEMBL1926850	2	108	5	1	-1	-0.05465935078391271
2	CHEMBL1926970-CHEMBL1926974	2	108	5	-1	-1	-1.3912062756377397
